ISO-10303-21;
HEADER;
/* Generated by software containing ST-Developer
 * from STEP Tools, Inc. (www.steptools.com) 
 */

FILE_DESCRIPTION(
/* description */ (''),
/* implementation_level */ '2;1');

FILE_NAME(
/* name */ 'ESP32 GPS NTP Bottom Case.step',
/* time_stamp */ '2026-08-11T14:09:06-04:00',
/* author */ (''),
/* organization */ (''),
/* preprocessor_version */ 'ST-DEVELOPER v20.1',
/* originating_system */ 'Autodesk Translation Framework v15.8.0.0',
/* authorisation */ '');

FILE_SCHEMA (('AUTOMOTIVE_DESIGN { 1 0 10303 214 3 1 1 }'));
ENDSEC;

DATA;
#10=MECHANICAL_DESIGN_GEOMETRIC_PRESENTATION_REPRESENTATION('',(#13),#4482);
#11=SHAPE_REPRESENTATION_RELATIONSHIP('SRR','None',#4489,#12);
#12=ADVANCED_BREP_SHAPE_REPRESENTATION('',(#2776),#4481);
#13=STYLED_ITEM('',(#4498),#2776);
#14=FACE_BOUND('',#925,.T.);
#15=FACE_BOUND('',#926,.T.);
#16=FACE_BOUND('',#973,.T.);
#17=FACE_BOUND('',#983,.T.);
#18=FACE_BOUND('',#1004,.T.);
#19=FACE_BOUND('',#1005,.T.);
#20=FACE_BOUND('',#1007,.T.);
#21=FACE_BOUND('',#1008,.T.);
#22=FACE_BOUND('',#1020,.T.);
#23=FACE_BOUND('',#1021,.T.);
#24=FACE_BOUND('',#1025,.T.);
#25=FACE_BOUND('',#1028,.T.);
#26=FACE_BOUND('',#1048,.T.);
#27=ORIENTED_CLOSED_SHELL('',*,#2771,.F.);
#28=ORIENTED_CLOSED_SHELL('',*,#2772,.F.);
#29=ORIENTED_CLOSED_SHELL('',*,#2773,.F.);
#30=ORIENTED_CLOSED_SHELL('',*,#2774,.F.);
#31=LINE('',#3697,#378);
#32=LINE('',#3705,#379);
#33=LINE('',#3714,#380);
#34=LINE('',#3721,#381);
#35=LINE('',#3727,#382);
#36=LINE('',#3729,#383);
#37=LINE('',#3731,#384);
#38=LINE('',#3733,#385);
#39=LINE('',#3734,#386);
#40=LINE('',#3737,#387);
#41=LINE('',#3739,#388);
#42=LINE('',#3740,#389);
#43=LINE('',#3743,#390);
#44=LINE('',#3745,#391);
#45=LINE('',#3746,#392);
#46=LINE('',#3749,#393);
#47=LINE('',#3751,#394);
#48=LINE('',#3752,#395);
#49=LINE('',#3756,#396);
#50=LINE('',#3758,#397);
#51=LINE('',#3760,#398);
#52=LINE('',#3761,#399);
#53=LINE('',#3766,#400);
#54=LINE('',#3772,#401);
#55=LINE('',#3777,#402);
#56=LINE('',#3779,#403);
#57=LINE('',#3781,#404);
#58=LINE('',#3782,#405);
#59=LINE('',#3786,#406);
#60=LINE('',#3788,#407);
#61=LINE('',#3790,#408);
#62=LINE('',#3791,#409);
#63=LINE('',#3794,#410);
#64=LINE('',#3796,#411);
#65=LINE('',#3797,#412);
#66=LINE('',#3800,#413);
#67=LINE('',#3802,#414);
#68=LINE('',#3803,#415);
#69=LINE('',#3805,#416);
#70=LINE('',#3806,#417);
#71=LINE('',#3811,#418);
#72=LINE('',#3817,#419);
#73=LINE('',#3822,#420);
#74=LINE('',#3824,#421);
#75=LINE('',#3826,#422);
#76=LINE('',#3827,#423);
#77=LINE('',#3830,#424);
#78=LINE('',#3832,#425);
#79=LINE('',#3833,#426);
#80=LINE('',#3837,#427);
#81=LINE('',#3839,#428);
#82=LINE('',#3841,#429);
#83=LINE('',#3842,#430);
#84=LINE('',#3844,#431);
#85=LINE('',#3845,#432);
#86=LINE('',#3847,#433);
#87=LINE('',#3849,#434);
#88=LINE('',#3851,#435);
#89=LINE('',#3852,#436);
#90=LINE('',#3858,#437);
#91=LINE('',#3861,#438);
#92=LINE('',#3864,#439);
#93=LINE('',#3866,#440);
#94=LINE('',#3867,#441);
#95=LINE('',#3871,#442);
#96=LINE('',#3872,#443);
#97=LINE('',#3873,#444);
#98=LINE('',#3877,#445);
#99=LINE('',#3879,#446);
#100=LINE('',#3881,#447);
#101=LINE('',#3882,#448);
#102=LINE('',#3885,#449);
#103=LINE('',#3887,#450);
#104=LINE('',#3889,#451);
#105=LINE('',#3890,#452);
#106=LINE('',#3893,#453);
#107=LINE('',#3895,#454);
#108=LINE('',#3897,#455);
#109=LINE('',#3898,#456);
#110=LINE('',#3901,#457);
#111=LINE('',#3903,#458);
#112=LINE('',#3904,#459);
#113=LINE('',#3908,#460);
#114=LINE('',#3910,#461);
#115=LINE('',#3912,#462);
#116=LINE('',#3913,#463);
#117=LINE('',#3919,#464);
#118=LINE('',#3922,#465);
#119=LINE('',#3924,#466);
#120=LINE('',#3925,#467);
#121=LINE('',#3928,#468);
#122=LINE('',#3930,#469);
#123=LINE('',#3931,#470);
#124=LINE('',#3934,#471);
#125=LINE('',#3936,#472);
#126=LINE('',#3937,#473);
#127=LINE('',#3940,#474);
#128=LINE('',#3942,#475);
#129=LINE('',#3943,#476);
#130=LINE('',#3946,#477);
#131=LINE('',#3947,#478);
#132=LINE('',#3948,#479);
#133=LINE('',#3952,#480);
#134=LINE('',#3954,#481);
#135=LINE('',#3956,#482);
#136=LINE('',#3958,#483);
#137=LINE('',#3960,#484);
#138=LINE('',#3962,#485);
#139=LINE('',#3964,#486);
#140=LINE('',#3966,#487);
#141=LINE('',#3969,#488);
#142=LINE('',#3972,#489);
#143=LINE('',#3974,#490);
#144=LINE('',#3975,#491);
#145=LINE('',#3978,#492);
#146=LINE('',#3979,#493);
#147=LINE('',#3982,#494);
#148=LINE('',#3986,#495);
#149=LINE('',#3987,#496);
#150=LINE('',#3990,#497);
#151=LINE('',#3991,#498);
#152=LINE('',#3994,#499);
#153=LINE('',#3995,#500);
#154=LINE('',#3999,#501);
#155=LINE('',#4001,#502);
#156=LINE('',#4002,#503);
#157=LINE('',#4003,#504);
#158=LINE('',#4005,#505);
#159=LINE('',#4008,#506);
#160=LINE('',#4010,#507);
#161=LINE('',#4012,#508);
#162=LINE('',#4013,#509);
#163=LINE('',#4015,#510);
#164=LINE('',#4017,#511);
#165=LINE('',#4021,#512);
#166=LINE('',#4023,#513);
#167=LINE('',#4025,#514);
#168=LINE('',#4026,#515);
#169=LINE('',#4032,#516);
#170=LINE('',#4035,#517);
#171=LINE('',#4038,#518);
#172=LINE('',#4040,#519);
#173=LINE('',#4041,#520);
#174=LINE('',#4046,#521);
#175=LINE('',#4050,#522);
#176=LINE('',#4052,#523);
#177=LINE('',#4053,#524);
#178=LINE('',#4056,#525);
#179=LINE('',#4058,#526);
#180=LINE('',#4059,#527);
#181=LINE('',#4062,#528);
#182=LINE('',#4064,#529);
#183=LINE('',#4066,#530);
#184=LINE('',#4068,#531);
#185=LINE('',#4069,#532);
#186=LINE('',#4072,#533);
#187=LINE('',#4074,#534);
#188=LINE('',#4075,#535);
#189=LINE('',#4078,#536);
#190=LINE('',#4080,#537);
#191=LINE('',#4082,#538);
#192=LINE('',#4083,#539);
#193=LINE('',#4087,#540);
#194=LINE('',#4089,#541);
#195=LINE('',#4091,#542);
#196=LINE('',#4093,#543);
#197=LINE('',#4098,#544);
#198=LINE('',#4099,#545);
#199=LINE('',#4100,#546);
#200=LINE('',#4103,#547);
#201=LINE('',#4104,#548);
#202=LINE('',#4108,#549);
#203=LINE('',#4109,#550);
#204=LINE('',#4110,#551);
#205=LINE('',#4116,#552);
#206=LINE('',#4118,#553);
#207=LINE('',#4120,#554);
#208=LINE('',#4121,#555);
#209=LINE('',#4124,#556);
#210=LINE('',#4126,#557);
#211=LINE('',#4127,#558);
#212=LINE('',#4130,#559);
#213=LINE('',#4132,#560);
#214=LINE('',#4133,#561);
#215=LINE('',#4136,#562);
#216=LINE('',#4138,#563);
#217=LINE('',#4139,#564);
#218=LINE('',#4142,#565);
#219=LINE('',#4144,#566);
#220=LINE('',#4145,#567);
#221=LINE('',#4149,#568);
#222=LINE('',#4151,#569);
#223=LINE('',#4153,#570);
#224=LINE('',#4154,#571);
#225=LINE('',#4156,#572);
#226=LINE('',#4157,#573);
#227=LINE('',#4160,#574);
#228=LINE('',#4162,#575);
#229=LINE('',#4163,#576);
#230=LINE('',#4168,#577);
#231=LINE('',#4171,#578);
#232=LINE('',#4172,#579);
#233=LINE('',#4174,#580);
#234=LINE('',#4176,#581);
#235=LINE('',#4177,#582);
#236=LINE('',#4181,#583);
#237=LINE('',#4183,#584);
#238=LINE('',#4185,#585);
#239=LINE('',#4187,#586);
#240=LINE('',#4189,#587);
#241=LINE('',#4191,#588);
#242=LINE('',#4192,#589);
#243=LINE('',#4197,#590);
#244=LINE('',#4198,#591);
#245=LINE('',#4200,#592);
#246=LINE('',#4201,#593);
#247=LINE('',#4204,#594);
#248=LINE('',#4205,#595);
#249=LINE('',#4209,#596);
#250=LINE('',#4210,#597);
#251=LINE('',#4212,#598);
#252=LINE('',#4213,#599);
#253=LINE('',#4215,#600);
#254=LINE('',#4220,#601);
#255=LINE('',#4227,#602);
#256=LINE('',#4231,#603);
#257=LINE('',#4232,#604);
#258=LINE('',#4233,#605);
#259=LINE('',#4235,#606);
#260=LINE('',#4237,#607);
#261=LINE('',#4238,#608);
#262=LINE('',#4241,#609);
#263=LINE('',#4243,#610);
#264=LINE('',#4245,#611);
#265=LINE('',#4247,#612);
#266=LINE('',#4249,#613);
#267=LINE('',#4250,#614);
#268=LINE('',#4253,#615);
#269=LINE('',#4255,#616);
#270=LINE('',#4257,#617);
#271=LINE('',#4258,#618);
#272=LINE('',#4260,#619);
#273=LINE('',#4261,#620);
#274=LINE('',#4263,#621);
#275=LINE('',#4265,#622);
#276=LINE('',#4269,#623);
#277=LINE('',#4271,#624);
#278=LINE('',#4273,#625);
#279=LINE('',#4275,#626);
#280=LINE('',#4276,#627);
#281=LINE('',#4279,#628);
#282=LINE('',#4280,#629);
#283=LINE('',#4283,#630);
#284=LINE('',#4284,#631);
#285=LINE('',#4286,#632);
#286=LINE('',#4288,#633);
#287=LINE('',#4289,#634);
#288=LINE('',#4293,#635);
#289=LINE('',#4295,#636);
#290=LINE('',#4296,#637);
#291=LINE('',#4299,#638);
#292=LINE('',#4300,#639);
#293=LINE('',#4303,#640);
#294=LINE('',#4305,#641);
#295=LINE('',#4306,#642);
#296=LINE('',#4310,#643);
#297=LINE('',#4312,#644);
#298=LINE('',#4314,#645);
#299=LINE('',#4315,#646);
#300=LINE('',#4318,#647);
#301=LINE('',#4320,#648);
#302=LINE('',#4321,#649);
#303=LINE('',#4324,#650);
#304=LINE('',#4325,#651);
#305=LINE('',#4326,#652);
#306=LINE('',#4328,#653);
#307=LINE('',#4329,#654);
#308=LINE('',#4331,#655);
#309=LINE('',#4333,#656);
#310=LINE('',#4338,#657);
#311=LINE('',#4347,#658);
#312=LINE('',#4348,#659);
#313=LINE('',#4349,#660);
#314=LINE('',#4353,#661);
#315=LINE('',#4355,#662);
#316=LINE('',#4357,#663);
#317=LINE('',#4358,#664);
#318=LINE('',#4361,#665);
#319=LINE('',#4363,#666);
#320=LINE('',#4364,#667);
#321=LINE('',#4368,#668);
#322=LINE('',#4369,#669);
#323=LINE('',#4370,#670);
#324=LINE('',#4372,#671);
#325=LINE('',#4374,#672);
#326=LINE('',#4377,#673);
#327=LINE('',#4380,#674);
#328=LINE('',#4382,#675);
#329=LINE('',#4384,#676);
#330=LINE('',#4385,#677);
#331=LINE('',#4386,#678);
#332=LINE('',#4387,#679);
#333=LINE('',#4389,#680);
#334=LINE('',#4390,#681);
#335=LINE('',#4393,#682);
#336=LINE('',#4394,#683);
#337=LINE('',#4399,#684);
#338=LINE('',#4400,#685);
#339=LINE('',#4402,#686);
#340=LINE('',#4405,#687);
#341=LINE('',#4407,#688);
#342=LINE('',#4408,#689);
#343=LINE('',#4411,#690);
#344=LINE('',#4412,#691);
#345=LINE('',#4415,#692);
#346=LINE('',#4417,#693);
#347=LINE('',#4418,#694);
#348=LINE('',#4421,#695);
#349=LINE('',#4422,#696);
#350=LINE('',#4425,#697);
#351=LINE('',#4427,#698);
#352=LINE('',#4428,#699);
#353=LINE('',#4431,#700);
#354=LINE('',#4432,#701);
#355=LINE('',#4435,#702);
#356=LINE('',#4437,#703);
#357=LINE('',#4438,#704);
#358=LINE('',#4441,#705);
#359=LINE('',#4442,#706);
#360=LINE('',#4444,#707);
#361=LINE('',#4446,#708);
#362=LINE('',#4447,#709);
#363=LINE('',#4449,#710);
#364=LINE('',#4452,#711);
#365=LINE('',#4453,#712);
#366=LINE('',#4455,#713);
#367=LINE('',#4457,#714);
#368=LINE('',#4459,#715);
#369=LINE('',#4461,#716);
#370=LINE('',#4462,#717);
#371=LINE('',#4464,#718);
#372=LINE('',#4466,#719);
#373=LINE('',#4469,#720);
#374=LINE('',#4471,#721);
#375=LINE('',#4473,#722);
#376=LINE('',#4475,#723);
#377=LINE('',#4477,#724);
#378=VECTOR('',#2982,3.1);
#379=VECTOR('',#2993,3.1);
#380=VECTOR('',#3006,3.1);
#381=VECTOR('',#3015,3.1);
#382=VECTOR('',#3022,10.);
#383=VECTOR('',#3023,10.);
#384=VECTOR('',#3024,10.);
#385=VECTOR('',#3025,10.);
#386=VECTOR('',#3026,10.);
#387=VECTOR('',#3029,10.);
#388=VECTOR('',#3030,10.);
#389=VECTOR('',#3031,10.);
#390=VECTOR('',#3034,10.);
#391=VECTOR('',#3035,10.);
#392=VECTOR('',#3036,10.);
#393=VECTOR('',#3039,10.);
#394=VECTOR('',#3040,10.);
#395=VECTOR('',#3041,10.);
#396=VECTOR('',#3044,10.);
#397=VECTOR('',#3045,10.);
#398=VECTOR('',#3046,10.);
#399=VECTOR('',#3047,10.);
#400=VECTOR('',#3052,1.5);
#401=VECTOR('',#3059,1.5);
#402=VECTOR('',#3064,10.);
#403=VECTOR('',#3065,10.);
#404=VECTOR('',#3066,10.);
#405=VECTOR('',#3067,10.);
#406=VECTOR('',#3070,10.);
#407=VECTOR('',#3071,10.);
#408=VECTOR('',#3072,10.);
#409=VECTOR('',#3073,10.);
#410=VECTOR('',#3076,10.);
#411=VECTOR('',#3077,10.);
#412=VECTOR('',#3078,10.);
#413=VECTOR('',#3081,10.);
#414=VECTOR('',#3082,10.);
#415=VECTOR('',#3083,10.);
#416=VECTOR('',#3086,10.);
#417=VECTOR('',#3087,10.);
#418=VECTOR('',#3092,1.5);
#419=VECTOR('',#3099,1.5);
#420=VECTOR('',#3104,10.);
#421=VECTOR('',#3105,10.);
#422=VECTOR('',#3106,10.);
#423=VECTOR('',#3107,10.);
#424=VECTOR('',#3110,10.);
#425=VECTOR('',#3111,10.);
#426=VECTOR('',#3112,10.);
#427=VECTOR('',#3115,10.);
#428=VECTOR('',#3116,10.);
#429=VECTOR('',#3117,10.);
#430=VECTOR('',#3118,10.);
#431=VECTOR('',#3121,10.);
#432=VECTOR('',#3122,10.);
#433=VECTOR('',#3125,10.);
#434=VECTOR('',#3126,10.);
#435=VECTOR('',#3127,10.);
#436=VECTOR('',#3128,10.);
#437=VECTOR('',#3133,10.);
#438=VECTOR('',#3136,10.);
#439=VECTOR('',#3139,10.);
#440=VECTOR('',#3140,10.);
#441=VECTOR('',#3141,10.);
#442=VECTOR('',#3144,10.);
#443=VECTOR('',#3145,10.);
#444=VECTOR('',#3146,10.);
#445=VECTOR('',#3149,10.);
#446=VECTOR('',#3150,10.);
#447=VECTOR('',#3151,10.);
#448=VECTOR('',#3152,10.);
#449=VECTOR('',#3153,10.);
#450=VECTOR('',#3154,10.);
#451=VECTOR('',#3155,10.);
#452=VECTOR('',#3156,10.);
#453=VECTOR('',#3157,10.);
#454=VECTOR('',#3158,10.);
#455=VECTOR('',#3159,10.);
#456=VECTOR('',#3160,10.);
#457=VECTOR('',#3163,10.);
#458=VECTOR('',#3164,10.);
#459=VECTOR('',#3165,10.);
#460=VECTOR('',#3168,10.);
#461=VECTOR('',#3169,10.);
#462=VECTOR('',#3170,10.);
#463=VECTOR('',#3171,10.);
#464=VECTOR('',#3178,10.);
#465=VECTOR('',#3181,10.);
#466=VECTOR('',#3182,10.);
#467=VECTOR('',#3183,10.);
#468=VECTOR('',#3186,10.);
#469=VECTOR('',#3187,10.);
#470=VECTOR('',#3188,10.);
#471=VECTOR('',#3191,10.);
#472=VECTOR('',#3192,10.);
#473=VECTOR('',#3193,10.);
#474=VECTOR('',#3196,10.);
#475=VECTOR('',#3197,10.);
#476=VECTOR('',#3198,10.);
#477=VECTOR('',#3201,10.);
#478=VECTOR('',#3202,10.);
#479=VECTOR('',#3203,10.);
#480=VECTOR('',#3206,10.);
#481=VECTOR('',#3207,10.);
#482=VECTOR('',#3208,10.);
#483=VECTOR('',#3209,10.);
#484=VECTOR('',#3210,10.);
#485=VECTOR('',#3211,10.);
#486=VECTOR('',#3212,10.);
#487=VECTOR('',#3213,10.);
#488=VECTOR('',#3216,10.);
#489=VECTOR('',#3219,10.);
#490=VECTOR('',#3220,10.);
#491=VECTOR('',#3221,10.);
#492=VECTOR('',#3224,10.);
#493=VECTOR('',#3225,10.);
#494=VECTOR('',#3228,10.);
#495=VECTOR('',#3233,10.);
#496=VECTOR('',#3234,10.);
#497=VECTOR('',#3237,10.);
#498=VECTOR('',#3238,10.);
#499=VECTOR('',#3241,10.);
#500=VECTOR('',#3242,10.);
#501=VECTOR('',#3245,10.);
#502=VECTOR('',#3246,10.);
#503=VECTOR('',#3247,10.);
#504=VECTOR('',#3248,10.);
#505=VECTOR('',#3251,10.);
#506=VECTOR('',#3254,10.);
#507=VECTOR('',#3255,10.);
#508=VECTOR('',#3256,10.);
#509=VECTOR('',#3257,10.);
#510=VECTOR('',#3260,10.);
#511=VECTOR('',#3263,10.);
#512=VECTOR('',#3266,10.);
#513=VECTOR('',#3267,10.);
#514=VECTOR('',#3268,10.);
#515=VECTOR('',#3269,10.);
#516=VECTOR('',#3274,10.);
#517=VECTOR('',#3277,10.);
#518=VECTOR('',#3280,10.);
#519=VECTOR('',#3281,10.);
#520=VECTOR('',#3282,10.);
#521=VECTOR('',#3287,10.);
#522=VECTOR('',#3292,10.);
#523=VECTOR('',#3293,10.);
#524=VECTOR('',#3294,10.);
#525=VECTOR('',#3297,10.);
#526=VECTOR('',#3298,10.);
#527=VECTOR('',#3299,10.);
#528=VECTOR('',#3302,10.);
#529=VECTOR('',#3303,10.);
#530=VECTOR('',#3304,10.);
#531=VECTOR('',#3305,10.);
#532=VECTOR('',#3306,10.);
#533=VECTOR('',#3309,10.);
#534=VECTOR('',#3310,10.);
#535=VECTOR('',#3311,10.);
#536=VECTOR('',#3314,10.);
#537=VECTOR('',#3315,10.);
#538=VECTOR('',#3316,10.);
#539=VECTOR('',#3317,10.);
#540=VECTOR('',#3320,10.);
#541=VECTOR('',#3321,10.);
#542=VECTOR('',#3322,10.);
#543=VECTOR('',#3323,10.);
#544=VECTOR('',#3328,10.);
#545=VECTOR('',#3329,10.);
#546=VECTOR('',#3330,10.);
#547=VECTOR('',#3333,10.);
#548=VECTOR('',#3334,10.);
#549=VECTOR('',#3337,10.);
#550=VECTOR('',#3338,10.);
#551=VECTOR('',#3339,10.);
#552=VECTOR('',#3346,10.);
#553=VECTOR('',#3347,10.);
#554=VECTOR('',#3348,10.);
#555=VECTOR('',#3349,10.);
#556=VECTOR('',#3352,10.);
#557=VECTOR('',#3353,10.);
#558=VECTOR('',#3354,10.);
#559=VECTOR('',#3357,10.);
#560=VECTOR('',#3358,10.);
#561=VECTOR('',#3359,10.);
#562=VECTOR('',#3362,10.);
#563=VECTOR('',#3363,10.);
#564=VECTOR('',#3364,10.);
#565=VECTOR('',#3367,10.);
#566=VECTOR('',#3368,10.);
#567=VECTOR('',#3369,10.);
#568=VECTOR('',#3372,10.);
#569=VECTOR('',#3373,10.);
#570=VECTOR('',#3374,10.);
#571=VECTOR('',#3375,10.);
#572=VECTOR('',#3378,10.);
#573=VECTOR('',#3379,10.);
#574=VECTOR('',#3382,10.);
#575=VECTOR('',#3383,10.);
#576=VECTOR('',#3384,10.);
#577=VECTOR('',#3389,10.);
#578=VECTOR('',#3394,10.);
#579=VECTOR('',#3395,10.);
#580=VECTOR('',#3398,10.);
#581=VECTOR('',#3399,10.);
#582=VECTOR('',#3400,10.);
#583=VECTOR('',#3403,10.);
#584=VECTOR('',#3404,10.);
#585=VECTOR('',#3405,10.);
#586=VECTOR('',#3406,10.);
#587=VECTOR('',#3407,10.);
#588=VECTOR('',#3408,10.);
#589=VECTOR('',#3409,10.);
#590=VECTOR('',#3414,10.);
#591=VECTOR('',#3415,10.);
#592=VECTOR('',#3416,10.);
#593=VECTOR('',#3417,10.);
#594=VECTOR('',#3420,10.);
#595=VECTOR('',#3421,10.);
#596=VECTOR('',#3424,10.);
#597=VECTOR('',#3425,10.);
#598=VECTOR('',#3426,10.);
#599=VECTOR('',#3427,10.);
#600=VECTOR('',#3430,10.);
#601=VECTOR('',#3437,1.5);
#602=VECTOR('',#3446,1.5);
#603=VECTOR('',#3449,10.);
#604=VECTOR('',#3450,10.);
#605=VECTOR('',#3451,10.);
#606=VECTOR('',#3454,10.);
#607=VECTOR('',#3455,10.);
#608=VECTOR('',#3456,10.);
#609=VECTOR('',#3459,10.);
#610=VECTOR('',#3460,10.);
#611=VECTOR('',#3461,10.);
#612=VECTOR('',#3462,10.);
#613=VECTOR('',#3463,10.);
#614=VECTOR('',#3464,10.);
#615=VECTOR('',#3467,10.);
#616=VECTOR('',#3468,10.);
#617=VECTOR('',#3469,10.);
#618=VECTOR('',#3470,10.);
#619=VECTOR('',#3471,10.);
#620=VECTOR('',#3472,10.);
#621=VECTOR('',#3475,10.);
#622=VECTOR('',#3478,10.);
#623=VECTOR('',#3483,10.);
#624=VECTOR('',#3484,10.);
#625=VECTOR('',#3485,10.);
#626=VECTOR('',#3486,10.);
#627=VECTOR('',#3487,10.);
#628=VECTOR('',#3490,10.);
#629=VECTOR('',#3491,10.);
#630=VECTOR('',#3494,10.);
#631=VECTOR('',#3495,10.);
#632=VECTOR('',#3498,10.);
#633=VECTOR('',#3501,10.);
#634=VECTOR('',#3502,10.);
#635=VECTOR('',#3507,10.);
#636=VECTOR('',#3508,10.);
#637=VECTOR('',#3509,10.);
#638=VECTOR('',#3512,10.);
#639=VECTOR('',#3513,10.);
#640=VECTOR('',#3516,10.);
#641=VECTOR('',#3517,10.);
#642=VECTOR('',#3518,10.);
#643=VECTOR('',#3521,10.);
#644=VECTOR('',#3522,10.);
#645=VECTOR('',#3523,10.);
#646=VECTOR('',#3524,10.);
#647=VECTOR('',#3527,10.);
#648=VECTOR('',#3528,10.);
#649=VECTOR('',#3529,10.);
#650=VECTOR('',#3532,10.);
#651=VECTOR('',#3533,10.);
#652=VECTOR('',#3534,10.);
#653=VECTOR('',#3537,10.);
#654=VECTOR('',#3538,10.);
#655=VECTOR('',#3541,10.);
#656=VECTOR('',#3544,10.);
#657=VECTOR('',#3549,3.35);
#658=VECTOR('',#3562,10.);
#659=VECTOR('',#3563,10.);
#660=VECTOR('',#3564,10.);
#661=VECTOR('',#3567,10.);
#662=VECTOR('',#3568,10.);
#663=VECTOR('',#3569,10.);
#664=VECTOR('',#3570,10.);
#665=VECTOR('',#3573,10.);
#666=VECTOR('',#3574,10.);
#667=VECTOR('',#3575,10.);
#668=VECTOR('',#3578,10.);
#669=VECTOR('',#3579,10.);
#670=VECTOR('',#3580,10.);
#671=VECTOR('',#3583,10.);
#672=VECTOR('',#3584,10.);
#673=VECTOR('',#3587,10.);
#674=VECTOR('',#3590,10.);
#675=VECTOR('',#3591,10.);
#676=VECTOR('',#3592,10.);
#677=VECTOR('',#3593,10.);
#678=VECTOR('',#3594,10.);
#679=VECTOR('',#3595,10.);
#680=VECTOR('',#3596,10.);
#681=VECTOR('',#3597,10.);
#682=VECTOR('',#3600,10.);
#683=VECTOR('',#3601,10.);
#684=VECTOR('',#3608,10.);
#685=VECTOR('',#3609,10.);
#686=VECTOR('',#3612,10.);
#687=VECTOR('',#3615,10.);
#688=VECTOR('',#3616,10.);
#689=VECTOR('',#3617,10.);
#690=VECTOR('',#3620,10.);
#691=VECTOR('',#3621,10.);
#692=VECTOR('',#3624,10.);
#693=VECTOR('',#3625,10.);
#694=VECTOR('',#3626,10.);
#695=VECTOR('',#3629,10.);
#696=VECTOR('',#3630,10.);
#697=VECTOR('',#3633,10.);
#698=VECTOR('',#3634,10.);
#699=VECTOR('',#3635,10.);
#700=VECTOR('',#3638,10.);
#701=VECTOR('',#3639,10.);
#702=VECTOR('',#3642,10.);
#703=VECTOR('',#3643,10.);
#704=VECTOR('',#3644,10.);
#705=VECTOR('',#3647,10.);
#706=VECTOR('',#3648,10.);
#707=VECTOR('',#3649,10.);
#708=VECTOR('',#3650,10.);
#709=VECTOR('',#3651,10.);
#710=VECTOR('',#3654,10.);
#711=VECTOR('',#3657,10.);
#712=VECTOR('',#3658,10.);
#713=VECTOR('',#3661,10.);
#714=VECTOR('',#3662,10.);
#715=VECTOR('',#3663,10.);
#716=VECTOR('',#3664,10.);
#717=VECTOR('',#3665,10.);
#718=VECTOR('',#3668,10.);
#719=VECTOR('',#3671,10.);
#720=VECTOR('',#3676,10.);
#721=VECTOR('',#3679,10.);
#722=VECTOR('',#3682,10.);
#723=VECTOR('',#3685,10.);
#724=VECTOR('',#3688,10.);
#725=CYLINDRICAL_SURFACE('',#2792,3.1);
#726=CYLINDRICAL_SURFACE('',#2797,3.1);
#727=CYLINDRICAL_SURFACE('',#2802,3.1);
#728=CYLINDRICAL_SURFACE('',#2807,3.1);
#729=CYLINDRICAL_SURFACE('',#2815,1.5);
#730=CYLINDRICAL_SURFACE('',#2818,1.5);
#731=CYLINDRICAL_SURFACE('',#2826,1.5);
#732=CYLINDRICAL_SURFACE('',#2829,1.5);
#733=CYLINDRICAL_SURFACE('',#2837,4.);
#734=CYLINDRICAL_SURFACE('',#2845,0.999999999999996);
#735=CYLINDRICAL_SURFACE('',#2857,0.999999999999996);
#736=CYLINDRICAL_SURFACE('',#2868,1.03487084384791);
#737=CYLINDRICAL_SURFACE('',#2872,1.03487084384791);
#738=CYLINDRICAL_SURFACE('',#2885,1.11803403206591);
#739=CYLINDRICAL_SURFACE('',#2895,1.03487084384791);
#740=CYLINDRICAL_SURFACE('',#2908,1.5);
#741=CYLINDRICAL_SURFACE('',#2911,1.5);
#742=CYLINDRICAL_SURFACE('',#2935,3.35);
#743=CYLINDRICAL_SURFACE('',#2950,3.99999999999999);
#744=FACE_OUTER_BOUND('',#890,.T.);
#745=FACE_OUTER_BOUND('',#891,.T.);
#746=FACE_OUTER_BOUND('',#892,.T.);
#747=FACE_OUTER_BOUND('',#893,.T.);
#748=FACE_OUTER_BOUND('',#894,.T.);
#749=FACE_OUTER_BOUND('',#895,.T.);
#750=FACE_OUTER_BOUND('',#896,.T.);
#751=FACE_OUTER_BOUND('',#897,.T.);
#752=FACE_OUTER_BOUND('',#898,.T.);
#753=FACE_OUTER_BOUND('',#899,.T.);
#754=FACE_OUTER_BOUND('',#900,.T.);
#755=FACE_OUTER_BOUND('',#901,.T.);
#756=FACE_OUTER_BOUND('',#902,.T.);
#757=FACE_OUTER_BOUND('',#903,.T.);
#758=FACE_OUTER_BOUND('',#904,.T.);
#759=FACE_OUTER_BOUND('',#905,.T.);
#760=FACE_OUTER_BOUND('',#906,.T.);
#761=FACE_OUTER_BOUND('',#907,.T.);
#762=FACE_OUTER_BOUND('',#908,.T.);
#763=FACE_OUTER_BOUND('',#909,.T.);
#764=FACE_OUTER_BOUND('',#910,.T.);
#765=FACE_OUTER_BOUND('',#911,.T.);
#766=FACE_OUTER_BOUND('',#912,.T.);
#767=FACE_OUTER_BOUND('',#913,.T.);
#768=FACE_OUTER_BOUND('',#914,.T.);
#769=FACE_OUTER_BOUND('',#915,.T.);
#770=FACE_OUTER_BOUND('',#916,.T.);
#771=FACE_OUTER_BOUND('',#917,.T.);
#772=FACE_OUTER_BOUND('',#918,.T.);
#773=FACE_OUTER_BOUND('',#919,.T.);
#774=FACE_OUTER_BOUND('',#920,.T.);
#775=FACE_OUTER_BOUND('',#921,.T.);
#776=FACE_OUTER_BOUND('',#922,.T.);
#777=FACE_OUTER_BOUND('',#923,.T.);
#778=FACE_OUTER_BOUND('',#924,.T.);
#779=FACE_OUTER_BOUND('',#927,.T.);
#780=FACE_OUTER_BOUND('',#928,.T.);
#781=FACE_OUTER_BOUND('',#929,.T.);
#782=FACE_OUTER_BOUND('',#930,.T.);
#783=FACE_OUTER_BOUND('',#931,.T.);
#784=FACE_OUTER_BOUND('',#932,.T.);
#785=FACE_OUTER_BOUND('',#933,.T.);
#786=FACE_OUTER_BOUND('',#934,.T.);
#787=FACE_OUTER_BOUND('',#935,.T.);
#788=FACE_OUTER_BOUND('',#936,.T.);
#789=FACE_OUTER_BOUND('',#937,.T.);
#790=FACE_OUTER_BOUND('',#938,.T.);
#791=FACE_OUTER_BOUND('',#939,.T.);
#792=FACE_OUTER_BOUND('',#940,.T.);
#793=FACE_OUTER_BOUND('',#941,.T.);
#794=FACE_OUTER_BOUND('',#942,.T.);
#795=FACE_OUTER_BOUND('',#943,.T.);
#796=FACE_OUTER_BOUND('',#944,.T.);
#797=FACE_OUTER_BOUND('',#945,.T.);
#798=FACE_OUTER_BOUND('',#946,.T.);
#799=FACE_OUTER_BOUND('',#947,.T.);
#800=FACE_OUTER_BOUND('',#948,.T.);
#801=FACE_OUTER_BOUND('',#949,.T.);
#802=FACE_OUTER_BOUND('',#950,.T.);
#803=FACE_OUTER_BOUND('',#951,.T.);
#804=FACE_OUTER_BOUND('',#952,.T.);
#805=FACE_OUTER_BOUND('',#953,.T.);
#806=FACE_OUTER_BOUND('',#954,.T.);
#807=FACE_OUTER_BOUND('',#955,.T.);
#808=FACE_OUTER_BOUND('',#956,.T.);
#809=FACE_OUTER_BOUND('',#957,.T.);
#810=FACE_OUTER_BOUND('',#958,.T.);
#811=FACE_OUTER_BOUND('',#959,.T.);
#812=FACE_OUTER_BOUND('',#960,.T.);
#813=FACE_OUTER_BOUND('',#961,.T.);
#814=FACE_OUTER_BOUND('',#962,.T.);
#815=FACE_OUTER_BOUND('',#963,.T.);
#816=FACE_OUTER_BOUND('',#964,.T.);
#817=FACE_OUTER_BOUND('',#965,.T.);
#818=FACE_OUTER_BOUND('',#966,.T.);
#819=FACE_OUTER_BOUND('',#967,.T.);
#820=FACE_OUTER_BOUND('',#968,.T.);
#821=FACE_OUTER_BOUND('',#969,.T.);
#822=FACE_OUTER_BOUND('',#970,.T.);
#823=FACE_OUTER_BOUND('',#971,.T.);
#824=FACE_OUTER_BOUND('',#972,.T.);
#825=FACE_OUTER_BOUND('',#974,.T.);
#826=FACE_OUTER_BOUND('',#975,.T.);
#827=FACE_OUTER_BOUND('',#976,.T.);
#828=FACE_OUTER_BOUND('',#977,.T.);
#829=FACE_OUTER_BOUND('',#978,.T.);
#830=FACE_OUTER_BOUND('',#979,.T.);
#831=FACE_OUTER_BOUND('',#980,.T.);
#832=FACE_OUTER_BOUND('',#981,.T.);
#833=FACE_OUTER_BOUND('',#982,.T.);
#834=FACE_OUTER_BOUND('',#984,.T.);
#835=FACE_OUTER_BOUND('',#985,.T.);
#836=FACE_OUTER_BOUND('',#986,.T.);
#837=FACE_OUTER_BOUND('',#987,.T.);
#838=FACE_OUTER_BOUND('',#988,.T.);
#839=FACE_OUTER_BOUND('',#989,.T.);
#840=FACE_OUTER_BOUND('',#990,.T.);
#841=FACE_OUTER_BOUND('',#991,.T.);
#842=FACE_OUTER_BOUND('',#992,.T.);
#843=FACE_OUTER_BOUND('',#993,.T.);
#844=FACE_OUTER_BOUND('',#994,.T.);
#845=FACE_OUTER_BOUND('',#995,.T.);
#846=FACE_OUTER_BOUND('',#996,.T.);
#847=FACE_OUTER_BOUND('',#997,.T.);
#848=FACE_OUTER_BOUND('',#998,.T.);
#849=FACE_OUTER_BOUND('',#999,.T.);
#850=FACE_OUTER_BOUND('',#1000,.T.);
#851=FACE_OUTER_BOUND('',#1001,.T.);
#852=FACE_OUTER_BOUND('',#1002,.T.);
#853=FACE_OUTER_BOUND('',#1003,.T.);
#854=FACE_OUTER_BOUND('',#1006,.T.);
#855=FACE_OUTER_BOUND('',#1009,.T.);
#856=FACE_OUTER_BOUND('',#1010,.T.);
#857=FACE_OUTER_BOUND('',#1011,.T.);
#858=FACE_OUTER_BOUND('',#1012,.T.);
#859=FACE_OUTER_BOUND('',#1013,.T.);
#860=FACE_OUTER_BOUND('',#1014,.T.);
#861=FACE_OUTER_BOUND('',#1015,.T.);
#862=FACE_OUTER_BOUND('',#1016,.T.);
#863=FACE_OUTER_BOUND('',#1017,.T.);
#864=FACE_OUTER_BOUND('',#1018,.T.);
#865=FACE_OUTER_BOUND('',#1019,.T.);
#866=FACE_OUTER_BOUND('',#1022,.T.);
#867=FACE_OUTER_BOUND('',#1023,.T.);
#868=FACE_OUTER_BOUND('',#1024,.T.);
#869=FACE_OUTER_BOUND('',#1026,.T.);
#870=FACE_OUTER_BOUND('',#1027,.T.);
#871=FACE_OUTER_BOUND('',#1029,.T.);
#872=FACE_OUTER_BOUND('',#1030,.T.);
#873=FACE_OUTER_BOUND('',#1031,.T.);
#874=FACE_OUTER_BOUND('',#1032,.T.);
#875=FACE_OUTER_BOUND('',#1033,.T.);
#876=FACE_OUTER_BOUND('',#1034,.T.);
#877=FACE_OUTER_BOUND('',#1035,.T.);
#878=FACE_OUTER_BOUND('',#1036,.T.);
#879=FACE_OUTER_BOUND('',#1037,.T.);
#880=FACE_OUTER_BOUND('',#1038,.T.);
#881=FACE_OUTER_BOUND('',#1039,.T.);
#882=FACE_OUTER_BOUND('',#1040,.T.);
#883=FACE_OUTER_BOUND('',#1041,.T.);
#884=FACE_OUTER_BOUND('',#1042,.T.);
#885=FACE_OUTER_BOUND('',#1043,.T.);
#886=FACE_OUTER_BOUND('',#1044,.T.);
#887=FACE_OUTER_BOUND('',#1045,.T.);
#888=FACE_OUTER_BOUND('',#1046,.T.);
#889=FACE_OUTER_BOUND('',#1047,.T.);
#890=EDGE_LOOP('',(#1728));
#891=EDGE_LOOP('',(#1729,#1730,#1731,#1732));
#892=EDGE_LOOP('',(#1733));
#893=EDGE_LOOP('',(#1734));
#894=EDGE_LOOP('',(#1735,#1736,#1737,#1738));
#895=EDGE_LOOP('',(#1739));
#896=EDGE_LOOP('',(#1740));
#897=EDGE_LOOP('',(#1741,#1742,#1743,#1744));
#898=EDGE_LOOP('',(#1745));
#899=EDGE_LOOP('',(#1746));
#900=EDGE_LOOP('',(#1747,#1748,#1749,#1750));
#901=EDGE_LOOP('',(#1751));
#902=EDGE_LOOP('',(#1752,#1753,#1754,#1755,#1756));
#903=EDGE_LOOP('',(#1757,#1758,#1759,#1760));
#904=EDGE_LOOP('',(#1761,#1762,#1763,#1764));
#905=EDGE_LOOP('',(#1765,#1766,#1767,#1768));
#906=EDGE_LOOP('',(#1769,#1770,#1771,#1772));
#907=EDGE_LOOP('',(#1773,#1774,#1775,#1776));
#908=EDGE_LOOP('',(#1777,#1778,#1779,#1780));
#909=EDGE_LOOP('',(#1781,#1782,#1783,#1784));
#910=EDGE_LOOP('',(#1785,#1786,#1787,#1788));
#911=EDGE_LOOP('',(#1789,#1790,#1791,#1792));
#912=EDGE_LOOP('',(#1793,#1794,#1795,#1796));
#913=EDGE_LOOP('',(#1797,#1798,#1799,#1800));
#914=EDGE_LOOP('',(#1801,#1802,#1803,#1804));
#915=EDGE_LOOP('',(#1805,#1806,#1807,#1808));
#916=EDGE_LOOP('',(#1809,#1810,#1811,#1812));
#917=EDGE_LOOP('',(#1813,#1814,#1815,#1816));
#918=EDGE_LOOP('',(#1817,#1818,#1819,#1820));
#919=EDGE_LOOP('',(#1821,#1822,#1823,#1824));
#920=EDGE_LOOP('',(#1825,#1826,#1827,#1828));
#921=EDGE_LOOP('',(#1829,#1830,#1831,#1832));
#922=EDGE_LOOP('',(#1833,#1834,#1835,#1836));
#923=EDGE_LOOP('',(#1837,#1838,#1839,#1840));
#924=EDGE_LOOP('',(#1841,#1842,#1843,#1844));
#925=EDGE_LOOP('',(#1845,#1846,#1847,#1848));
#926=EDGE_LOOP('',(#1849,#1850,#1851,#1852));
#927=EDGE_LOOP('',(#1853,#1854,#1855,#1856,#1857));
#928=EDGE_LOOP('',(#1858,#1859,#1860,#1861));
#929=EDGE_LOOP('',(#1862,#1863,#1864,#1865));
#930=EDGE_LOOP('',(#1866,#1867,#1868,#1869));
#931=EDGE_LOOP('',(#1870,#1871,#1872,#1873));
#932=EDGE_LOOP('',(#1874,#1875,#1876,#1877));
#933=EDGE_LOOP('',(#1878,#1879,#1880,#1881));
#934=EDGE_LOOP('',(#1882,#1883,#1884,#1885,#1886,#1887,#1888,#1889,#1890,
#1891));
#935=EDGE_LOOP('',(#1892,#1893,#1894,#1895,#1896,#1897,#1898,#1899,#1900,
#1901));
#936=EDGE_LOOP('',(#1902,#1903,#1904,#1905));
#937=EDGE_LOOP('',(#1906,#1907,#1908,#1909));
#938=EDGE_LOOP('',(#1910,#1911,#1912,#1913));
#939=EDGE_LOOP('',(#1914,#1915,#1916,#1917));
#940=EDGE_LOOP('',(#1918,#1919,#1920,#1921));
#941=EDGE_LOOP('',(#1922,#1923,#1924,#1925));
#942=EDGE_LOOP('',(#1926,#1927,#1928,#1929,#1930,#1931));
#943=EDGE_LOOP('',(#1932,#1933,#1934,#1935,#1936,#1937,#1938,#1939));
#944=EDGE_LOOP('',(#1940,#1941,#1942,#1943,#1944));
#945=EDGE_LOOP('',(#1945,#1946,#1947,#1948,#1949,#1950,#1951));
#946=EDGE_LOOP('',(#1952,#1953,#1954,#1955));
#947=EDGE_LOOP('',(#1956,#1957,#1958,#1959));
#948=EDGE_LOOP('',(#1960,#1961,#1962,#1963));
#949=EDGE_LOOP('',(#1964,#1965,#1966,#1967));
#950=EDGE_LOOP('',(#1968,#1969,#1970,#1971));
#951=EDGE_LOOP('',(#1972,#1973,#1974,#1975));
#952=EDGE_LOOP('',(#1976,#1977,#1978,#1979));
#953=EDGE_LOOP('',(#1980,#1981,#1982,#1983,#1984,#1985));
#954=EDGE_LOOP('',(#1986,#1987,#1988,#1989));
#955=EDGE_LOOP('',(#1990,#1991,#1992,#1993,#1994));
#956=EDGE_LOOP('',(#1995,#1996,#1997,#1998,#1999));
#957=EDGE_LOOP('',(#2000,#2001,#2002,#2003));
#958=EDGE_LOOP('',(#2004,#2005,#2006,#2007));
#959=EDGE_LOOP('',(#2008,#2009,#2010,#2011));
#960=EDGE_LOOP('',(#2012,#2013,#2014,#2015));
#961=EDGE_LOOP('',(#2016,#2017,#2018,#2019));
#962=EDGE_LOOP('',(#2020,#2021,#2022,#2023));
#963=EDGE_LOOP('',(#2024,#2025,#2026,#2027));
#964=EDGE_LOOP('',(#2028,#2029,#2030,#2031));
#965=EDGE_LOOP('',(#2032,#2033,#2034,#2035));
#966=EDGE_LOOP('',(#2036,#2037,#2038,#2039));
#967=EDGE_LOOP('',(#2040,#2041,#2042,#2043));
#968=EDGE_LOOP('',(#2044,#2045,#2046,#2047));
#969=EDGE_LOOP('',(#2048,#2049,#2050,#2051));
#970=EDGE_LOOP('',(#2052,#2053,#2054,#2055));
#971=EDGE_LOOP('',(#2056,#2057,#2058,#2059,#2060,#2061,#2062,#2063,#2064,
#2065,#2066,#2067,#2068,#2069,#2070,#2071));
#972=EDGE_LOOP('',(#2072,#2073,#2074,#2075,#2076,#2077,#2078));
#973=EDGE_LOOP('',(#2079));
#974=EDGE_LOOP('',(#2080,#2081,#2082,#2083,#2084,#2085));
#975=EDGE_LOOP('',(#2086,#2087,#2088,#2089));
#976=EDGE_LOOP('',(#2090,#2091,#2092,#2093,#2094,#2095));
#977=EDGE_LOOP('',(#2096,#2097,#2098,#2099));
#978=EDGE_LOOP('',(#2100));
#979=EDGE_LOOP('',(#2101,#2102,#2103,#2104));
#980=EDGE_LOOP('',(#2105));
#981=EDGE_LOOP('',(#2106,#2107,#2108,#2109));
#982=EDGE_LOOP('',(#2110,#2111,#2112,#2113));
#983=EDGE_LOOP('',(#2114));
#984=EDGE_LOOP('',(#2115,#2116,#2117,#2118,#2119,#2120,#2121));
#985=EDGE_LOOP('',(#2122,#2123,#2124,#2125,#2126,#2127,#2128,#2129,#2130,
#2131,#2132,#2133));
#986=EDGE_LOOP('',(#2134,#2135,#2136,#2137,#2138,#2139,#2140,#2141,#2142,
#2143));
#987=EDGE_LOOP('',(#2144,#2145,#2146,#2147,#2148,#2149));
#988=EDGE_LOOP('',(#2150,#2151,#2152,#2153,#2154,#2155,#2156,#2157,#2158,
#2159));
#989=EDGE_LOOP('',(#2160,#2161,#2162,#2163,#2164,#2165,#2166,#2167));
#990=EDGE_LOOP('',(#2168,#2169,#2170,#2171,#2172,#2173,#2174));
#991=EDGE_LOOP('',(#2175,#2176,#2177,#2178));
#992=EDGE_LOOP('',(#2179,#2180,#2181,#2182));
#993=EDGE_LOOP('',(#2183,#2184,#2185,#2186));
#994=EDGE_LOOP('',(#2187,#2188,#2189,#2190,#2191,#2192,#2193,#2194));
#995=EDGE_LOOP('',(#2195,#2196,#2197,#2198));
#996=EDGE_LOOP('',(#2199,#2200,#2201,#2202));
#997=EDGE_LOOP('',(#2203,#2204,#2205,#2206));
#998=EDGE_LOOP('',(#2207,#2208,#2209,#2210));
#999=EDGE_LOOP('',(#2211,#2212,#2213,#2214));
#1000=EDGE_LOOP('',(#2215,#2216,#2217,#2218));
#1001=EDGE_LOOP('',(#2219,#2220,#2221,#2222,#2223));
#1002=EDGE_LOOP('',(#2224,#2225,#2226,#2227));
#1003=EDGE_LOOP('',(#2228,#2229,#2230,#2231,#2232,#2233,#2234,#2235));
#1004=EDGE_LOOP('',(#2236));
#1005=EDGE_LOOP('',(#2237));
#1006=EDGE_LOOP('',(#2238,#2239,#2240,#2241,#2242,#2243,#2244));
#1007=EDGE_LOOP('',(#2245));
#1008=EDGE_LOOP('',(#2246));
#1009=EDGE_LOOP('',(#2247,#2248,#2249,#2250));
#1010=EDGE_LOOP('',(#2251));
#1011=EDGE_LOOP('',(#2252));
#1012=EDGE_LOOP('',(#2253));
#1013=EDGE_LOOP('',(#2254));
#1014=EDGE_LOOP('',(#2255,#2256,#2257,#2258));
#1015=EDGE_LOOP('',(#2259,#2260,#2261,#2262));
#1016=EDGE_LOOP('',(#2263,#2264,#2265,#2266));
#1017=EDGE_LOOP('',(#2267,#2268,#2269,#2270));
#1018=EDGE_LOOP('',(#2271,#2272,#2273,#2274,#2275,#2276,#2277,#2278,#2279,
#2280,#2281));
#1019=EDGE_LOOP('',(#2282,#2283,#2284,#2285,#2286,#2287,#2288,#2289,#2290,
#2291,#2292,#2293,#2294,#2295,#2296,#2297,#2298,#2299,#2300,#2301,#2302,
#2303,#2304,#2305,#2306,#2307,#2308));
#1020=EDGE_LOOP('',(#2309,#2310,#2311,#2312));
#1021=EDGE_LOOP('',(#2313,#2314,#2315,#2316));
#1022=EDGE_LOOP('',(#2317,#2318,#2319,#2320));
#1023=EDGE_LOOP('',(#2321,#2322,#2323,#2324));
#1024=EDGE_LOOP('',(#2325,#2326,#2327,#2328));
#1025=EDGE_LOOP('',(#2329));
#1026=EDGE_LOOP('',(#2330,#2331,#2332,#2333));
#1027=EDGE_LOOP('',(#2334,#2335,#2336,#2337,#2338,#2339,#2340,#2341,#2342,
#2343,#2344));
#1028=EDGE_LOOP('',(#2345));
#1029=EDGE_LOOP('',(#2346,#2347,#2348,#2349));
#1030=EDGE_LOOP('',(#2350,#2351,#2352,#2353,#2354));
#1031=EDGE_LOOP('',(#2355,#2356,#2357,#2358,#2359,#2360));
#1032=EDGE_LOOP('',(#2361,#2362,#2363,#2364,#2365));
#1033=EDGE_LOOP('',(#2366,#2367,#2368,#2369));
#1034=EDGE_LOOP('',(#2370,#2371,#2372,#2373,#2374,#2375,#2376,#2377,#2378));
#1035=EDGE_LOOP('',(#2379,#2380,#2381,#2382,#2383,#2384,#2385,#2386,#2387,
#2388,#2389,#2390,#2391,#2392,#2393,#2394,#2395,#2396,#2397,#2398,#2399,
#2400,#2401));
#1036=EDGE_LOOP('',(#2402,#2403,#2404,#2405));
#1037=EDGE_LOOP('',(#2406,#2407,#2408,#2409,#2410,#2411));
#1038=EDGE_LOOP('',(#2412,#2413,#2414,#2415,#2416,#2417,#2418,#2419,#2420,
#2421));
#1039=EDGE_LOOP('',(#2422,#2423,#2424,#2425,#2426,#2427,#2428,#2429,#2430,
#2431,#2432,#2433,#2434));
#1040=EDGE_LOOP('',(#2435,#2436,#2437,#2438,#2439,#2440,#2441,#2442,#2443,
#2444,#2445));
#1041=EDGE_LOOP('',(#2446,#2447,#2448,#2449));
#1042=EDGE_LOOP('',(#2450,#2451,#2452,#2453));
#1043=EDGE_LOOP('',(#2454,#2455,#2456,#2457));
#1044=EDGE_LOOP('',(#2458,#2459,#2460,#2461));
#1045=EDGE_LOOP('',(#2462,#2463,#2464,#2465));
#1046=EDGE_LOOP('',(#2466,#2467,#2468,#2469));
#1047=EDGE_LOOP('',(#2470,#2471,#2472,#2473));
#1048=EDGE_LOOP('',(#2474,#2475,#2476,#2477,#2478,#2479,#2480,#2481,#2482,
#2483,#2484,#2485,#2486,#2487,#2488,#2489,#2490,#2491,#2492,#2493,#2494,
#2495,#2496,#2497));
#1049=CIRCLE('',#2791,3.1);
#1050=CIRCLE('',#2793,3.1);
#1051=CIRCLE('',#2796,3.1);
#1052=CIRCLE('',#2798,3.1);
#1053=CIRCLE('',#2801,3.1);
#1054=CIRCLE('',#2803,3.1);
#1055=CIRCLE('',#2806,3.1);
#1056=CIRCLE('',#2808,3.1);
#1057=CIRCLE('',#2816,1.5);
#1058=CIRCLE('',#2817,1.5);
#1059=CIRCLE('',#2819,1.5);
#1060=CIRCLE('',#2820,1.5);
#1061=CIRCLE('',#2827,1.5);
#1062=CIRCLE('',#2828,1.5);
#1063=CIRCLE('',#2830,1.5);
#1064=CIRCLE('',#2831,1.5);
#1065=CIRCLE('',#2838,4.);
#1066=CIRCLE('',#2839,4.);
#1067=CIRCLE('',#2846,0.999999999999996);
#1068=CIRCLE('',#2847,0.999999999999996);
#1069=CIRCLE('',#2854,0.999999999999996);
#1070=CIRCLE('',#2858,0.999999999999996);
#1071=CIRCLE('',#2869,1.03487084384791);
#1072=CIRCLE('',#2870,1.03487084384791);
#1073=CIRCLE('',#2873,1.03487084384791);
#1074=CIRCLE('',#2874,1.03487084384791);
#1075=CIRCLE('',#2881,1.11803403206591);
#1076=CIRCLE('',#2886,1.11803403206591);
#1077=CIRCLE('',#2896,1.03487084384791);
#1078=CIRCLE('',#2897,1.03487084384791);
#1079=CIRCLE('',#2901,1.5);
#1080=CIRCLE('',#2907,1.5);
#1081=CIRCLE('',#2910,1.5);
#1082=CIRCLE('',#2912,1.5);
#1083=CIRCLE('',#2936,3.35);
#1084=CIRCLE('',#2937,3.35);
#1085=CIRCLE('',#2947,3.99999999999999);
#1086=CIRCLE('',#2951,3.99999999999999);
#1087=VERTEX_POINT('',#3693);
#1088=VERTEX_POINT('',#3696);
#1089=VERTEX_POINT('',#3701);
#1090=VERTEX_POINT('',#3704);
#1091=VERTEX_POINT('',#3709);
#1092=VERTEX_POINT('',#3712);
#1093=VERTEX_POINT('',#3717);
#1094=VERTEX_POINT('',#3720);
#1095=VERTEX_POINT('',#3725);
#1096=VERTEX_POINT('',#3726);
#1097=VERTEX_POINT('',#3728);
#1098=VERTEX_POINT('',#3730);
#1099=VERTEX_POINT('',#3732);
#1100=VERTEX_POINT('',#3736);
#1101=VERTEX_POINT('',#3738);
#1102=VERTEX_POINT('',#3742);
#1103=VERTEX_POINT('',#3744);
#1104=VERTEX_POINT('',#3748);
#1105=VERTEX_POINT('',#3750);
#1106=VERTEX_POINT('',#3754);
#1107=VERTEX_POINT('',#3755);
#1108=VERTEX_POINT('',#3757);
#1109=VERTEX_POINT('',#3759);
#1110=VERTEX_POINT('',#3763);
#1111=VERTEX_POINT('',#3765);
#1112=VERTEX_POINT('',#3769);
#1113=VERTEX_POINT('',#3771);
#1114=VERTEX_POINT('',#3775);
#1115=VERTEX_POINT('',#3776);
#1116=VERTEX_POINT('',#3778);
#1117=VERTEX_POINT('',#3780);
#1118=VERTEX_POINT('',#3784);
#1119=VERTEX_POINT('',#3785);
#1120=VERTEX_POINT('',#3787);
#1121=VERTEX_POINT('',#3789);
#1122=VERTEX_POINT('',#3793);
#1123=VERTEX_POINT('',#3795);
#1124=VERTEX_POINT('',#3799);
#1125=VERTEX_POINT('',#3801);
#1126=VERTEX_POINT('',#3808);
#1127=VERTEX_POINT('',#3810);
#1128=VERTEX_POINT('',#3814);
#1129=VERTEX_POINT('',#3816);
#1130=VERTEX_POINT('',#3820);
#1131=VERTEX_POINT('',#3821);
#1132=VERTEX_POINT('',#3823);
#1133=VERTEX_POINT('',#3825);
#1134=VERTEX_POINT('',#3829);
#1135=VERTEX_POINT('',#3831);
#1136=VERTEX_POINT('',#3835);
#1137=VERTEX_POINT('',#3836);
#1138=VERTEX_POINT('',#3838);
#1139=VERTEX_POINT('',#3840);
#1140=VERTEX_POINT('',#3848);
#1141=VERTEX_POINT('',#3850);
#1142=VERTEX_POINT('',#3854);
#1143=VERTEX_POINT('',#3855);
#1144=VERTEX_POINT('',#3857);
#1145=VERTEX_POINT('',#3859);
#1146=VERTEX_POINT('',#3863);
#1147=VERTEX_POINT('',#3865);
#1148=VERTEX_POINT('',#3869);
#1149=VERTEX_POINT('',#3870);
#1150=VERTEX_POINT('',#3875);
#1151=VERTEX_POINT('',#3876);
#1152=VERTEX_POINT('',#3878);
#1153=VERTEX_POINT('',#3880);
#1154=VERTEX_POINT('',#3883);
#1155=VERTEX_POINT('',#3884);
#1156=VERTEX_POINT('',#3886);
#1157=VERTEX_POINT('',#3888);
#1158=VERTEX_POINT('',#3891);
#1159=VERTEX_POINT('',#3892);
#1160=VERTEX_POINT('',#3894);
#1161=VERTEX_POINT('',#3896);
#1162=VERTEX_POINT('',#3900);
#1163=VERTEX_POINT('',#3902);
#1164=VERTEX_POINT('',#3906);
#1165=VERTEX_POINT('',#3907);
#1166=VERTEX_POINT('',#3909);
#1167=VERTEX_POINT('',#3911);
#1168=VERTEX_POINT('',#3915);
#1169=VERTEX_POINT('',#3917);
#1170=VERTEX_POINT('',#3921);
#1171=VERTEX_POINT('',#3923);
#1172=VERTEX_POINT('',#3927);
#1173=VERTEX_POINT('',#3929);
#1174=VERTEX_POINT('',#3933);
#1175=VERTEX_POINT('',#3935);
#1176=VERTEX_POINT('',#3939);
#1177=VERTEX_POINT('',#3941);
#1178=VERTEX_POINT('',#3945);
#1179=VERTEX_POINT('',#3950);
#1180=VERTEX_POINT('',#3951);
#1181=VERTEX_POINT('',#3953);
#1182=VERTEX_POINT('',#3955);
#1183=VERTEX_POINT('',#3957);
#1184=VERTEX_POINT('',#3959);
#1185=VERTEX_POINT('',#3961);
#1186=VERTEX_POINT('',#3963);
#1187=VERTEX_POINT('',#3965);
#1188=VERTEX_POINT('',#3967);
#1189=VERTEX_POINT('',#3971);
#1190=VERTEX_POINT('',#3973);
#1191=VERTEX_POINT('',#3977);
#1192=VERTEX_POINT('',#3981);
#1193=VERTEX_POINT('',#3985);
#1194=VERTEX_POINT('',#3989);
#1195=VERTEX_POINT('',#3993);
#1196=VERTEX_POINT('',#3997);
#1197=VERTEX_POINT('',#3998);
#1198=VERTEX_POINT('',#4000);
#1199=VERTEX_POINT('',#4007);
#1200=VERTEX_POINT('',#4009);
#1201=VERTEX_POINT('',#4011);
#1202=VERTEX_POINT('',#4019);
#1203=VERTEX_POINT('',#4020);
#1204=VERTEX_POINT('',#4022);
#1205=VERTEX_POINT('',#4024);
#1206=VERTEX_POINT('',#4028);
#1207=VERTEX_POINT('',#4029);
#1208=VERTEX_POINT('',#4031);
#1209=VERTEX_POINT('',#4033);
#1210=VERTEX_POINT('',#4037);
#1211=VERTEX_POINT('',#4039);
#1212=VERTEX_POINT('',#4043);
#1213=VERTEX_POINT('',#4045);
#1214=VERTEX_POINT('',#4049);
#1215=VERTEX_POINT('',#4051);
#1216=VERTEX_POINT('',#4055);
#1217=VERTEX_POINT('',#4057);
#1218=VERTEX_POINT('',#4061);
#1219=VERTEX_POINT('',#4063);
#1220=VERTEX_POINT('',#4065);
#1221=VERTEX_POINT('',#4067);
#1222=VERTEX_POINT('',#4071);
#1223=VERTEX_POINT('',#4073);
#1224=VERTEX_POINT('',#4077);
#1225=VERTEX_POINT('',#4079);
#1226=VERTEX_POINT('',#4081);
#1227=VERTEX_POINT('',#4085);
#1228=VERTEX_POINT('',#4086);
#1229=VERTEX_POINT('',#4088);
#1230=VERTEX_POINT('',#4090);
#1231=VERTEX_POINT('',#4092);
#1232=VERTEX_POINT('',#4096);
#1233=VERTEX_POINT('',#4097);
#1234=VERTEX_POINT('',#4102);
#1235=VERTEX_POINT('',#4106);
#1236=VERTEX_POINT('',#4107);
#1237=VERTEX_POINT('',#4114);
#1238=VERTEX_POINT('',#4115);
#1239=VERTEX_POINT('',#4117);
#1240=VERTEX_POINT('',#4119);
#1241=VERTEX_POINT('',#4123);
#1242=VERTEX_POINT('',#4125);
#1243=VERTEX_POINT('',#4129);
#1244=VERTEX_POINT('',#4131);
#1245=VERTEX_POINT('',#4135);
#1246=VERTEX_POINT('',#4137);
#1247=VERTEX_POINT('',#4141);
#1248=VERTEX_POINT('',#4143);
#1249=VERTEX_POINT('',#4147);
#1250=VERTEX_POINT('',#4148);
#1251=VERTEX_POINT('',#4150);
#1252=VERTEX_POINT('',#4152);
#1253=VERTEX_POINT('',#4159);
#1254=VERTEX_POINT('',#4161);
#1255=VERTEX_POINT('',#4165);
#1256=VERTEX_POINT('',#4167);
#1257=VERTEX_POINT('',#4175);
#1258=VERTEX_POINT('',#4179);
#1259=VERTEX_POINT('',#4180);
#1260=VERTEX_POINT('',#4182);
#1261=VERTEX_POINT('',#4184);
#1262=VERTEX_POINT('',#4186);
#1263=VERTEX_POINT('',#4188);
#1264=VERTEX_POINT('',#4190);
#1265=VERTEX_POINT('',#4193);
#1266=VERTEX_POINT('',#4196);
#1267=VERTEX_POINT('',#4199);
#1268=VERTEX_POINT('',#4203);
#1269=VERTEX_POINT('',#4207);
#1270=VERTEX_POINT('',#4208);
#1271=VERTEX_POINT('',#4211);
#1272=VERTEX_POINT('',#4217);
#1273=VERTEX_POINT('',#4222);
#1274=VERTEX_POINT('',#4225);
#1275=VERTEX_POINT('',#4229);
#1276=VERTEX_POINT('',#4230);
#1277=VERTEX_POINT('',#4236);
#1278=VERTEX_POINT('',#4240);
#1279=VERTEX_POINT('',#4242);
#1280=VERTEX_POINT('',#4244);
#1281=VERTEX_POINT('',#4246);
#1282=VERTEX_POINT('',#4248);
#1283=VERTEX_POINT('',#4252);
#1284=VERTEX_POINT('',#4254);
#1285=VERTEX_POINT('',#4256);
#1286=VERTEX_POINT('',#4259);
#1287=VERTEX_POINT('',#4268);
#1288=VERTEX_POINT('',#4270);
#1289=VERTEX_POINT('',#4272);
#1290=VERTEX_POINT('',#4274);
#1291=VERTEX_POINT('',#4278);
#1292=VERTEX_POINT('',#4282);
#1293=VERTEX_POINT('',#4292);
#1294=VERTEX_POINT('',#4294);
#1295=VERTEX_POINT('',#4298);
#1296=VERTEX_POINT('',#4302);
#1297=VERTEX_POINT('',#4304);
#1298=VERTEX_POINT('',#4308);
#1299=VERTEX_POINT('',#4309);
#1300=VERTEX_POINT('',#4311);
#1301=VERTEX_POINT('',#4313);
#1302=VERTEX_POINT('',#4317);
#1303=VERTEX_POINT('',#4319);
#1304=VERTEX_POINT('',#4323);
#1305=VERTEX_POINT('',#4335);
#1306=VERTEX_POINT('',#4337);
#1307=VERTEX_POINT('',#4345);
#1308=VERTEX_POINT('',#4346);
#1309=VERTEX_POINT('',#4351);
#1310=VERTEX_POINT('',#4352);
#1311=VERTEX_POINT('',#4354);
#1312=VERTEX_POINT('',#4356);
#1313=VERTEX_POINT('',#4360);
#1314=VERTEX_POINT('',#4362);
#1315=VERTEX_POINT('',#4366);
#1316=VERTEX_POINT('',#4367);
#1317=VERTEX_POINT('',#4373);
#1318=VERTEX_POINT('',#4375);
#1319=VERTEX_POINT('',#4379);
#1320=VERTEX_POINT('',#4381);
#1321=VERTEX_POINT('',#4383);
#1322=VERTEX_POINT('',#4388);
#1323=VERTEX_POINT('',#4392);
#1324=VERTEX_POINT('',#4398);
#1325=VERTEX_POINT('',#4404);
#1326=VERTEX_POINT('',#4406);
#1327=VERTEX_POINT('',#4410);
#1328=VERTEX_POINT('',#4414);
#1329=VERTEX_POINT('',#4416);
#1330=VERTEX_POINT('',#4420);
#1331=VERTEX_POINT('',#4424);
#1332=VERTEX_POINT('',#4426);
#1333=VERTEX_POINT('',#4430);
#1334=VERTEX_POINT('',#4434);
#1335=VERTEX_POINT('',#4436);
#1336=VERTEX_POINT('',#4440);
#1337=VERTEX_POINT('',#4443);
#1338=VERTEX_POINT('',#4445);
#1339=VERTEX_POINT('',#4451);
#1340=VERTEX_POINT('',#4456);
#1341=VERTEX_POINT('',#4458);
#1342=VERTEX_POINT('',#4460);
#1343=EDGE_CURVE('',#1087,#1087,#1049,.T.);
#1344=EDGE_CURVE('',#1087,#1088,#31,.T.);
#1345=EDGE_CURVE('',#1088,#1088,#1050,.T.);
#1346=EDGE_CURVE('',#1089,#1089,#1051,.T.);
#1347=EDGE_CURVE('',#1089,#1090,#32,.T.);
#1348=EDGE_CURVE('',#1090,#1090,#1052,.T.);
#1349=EDGE_CURVE('',#1091,#1091,#1053,.T.);
#1350=EDGE_CURVE('',#1092,#1092,#1054,.T.);
#1351=EDGE_CURVE('',#1092,#1091,#33,.T.);
#1352=EDGE_CURVE('',#1093,#1093,#1055,.T.);
#1353=EDGE_CURVE('',#1093,#1094,#34,.T.);
#1354=EDGE_CURVE('',#1094,#1094,#1056,.T.);
#1355=EDGE_CURVE('',#1095,#1096,#35,.T.);
#1356=EDGE_CURVE('',#1097,#1095,#36,.T.);
#1357=EDGE_CURVE('',#1098,#1097,#37,.T.);
#1358=EDGE_CURVE('',#1099,#1098,#38,.T.);
#1359=EDGE_CURVE('',#1096,#1099,#39,.T.);
#1360=EDGE_CURVE('',#1097,#1100,#40,.T.);
#1361=EDGE_CURVE('',#1101,#1100,#41,.T.);
#1362=EDGE_CURVE('',#1098,#1101,#42,.T.);
#1363=EDGE_CURVE('',#1100,#1102,#43,.T.);
#1364=EDGE_CURVE('',#1102,#1103,#44,.T.);
#1365=EDGE_CURVE('',#1101,#1103,#45,.T.);
#1366=EDGE_CURVE('',#1102,#1104,#46,.T.);
#1367=EDGE_CURVE('',#1104,#1105,#47,.T.);
#1368=EDGE_CURVE('',#1103,#1105,#48,.T.);
#1369=EDGE_CURVE('',#1106,#1107,#49,.T.);
#1370=EDGE_CURVE('',#1108,#1107,#50,.T.);
#1371=EDGE_CURVE('',#1109,#1108,#51,.T.);
#1372=EDGE_CURVE('',#1106,#1109,#52,.T.);
#1373=EDGE_CURVE('',#1110,#1110,#1057,.T.);
#1374=EDGE_CURVE('',#1110,#1111,#53,.T.);
#1375=EDGE_CURVE('',#1111,#1111,#1058,.T.);
#1376=EDGE_CURVE('',#1112,#1112,#1059,.T.);
#1377=EDGE_CURVE('',#1112,#1113,#54,.T.);
#1378=EDGE_CURVE('',#1113,#1113,#1060,.T.);
#1379=EDGE_CURVE('',#1114,#1115,#55,.T.);
#1380=EDGE_CURVE('',#1114,#1116,#56,.T.);
#1381=EDGE_CURVE('',#1117,#1116,#57,.T.);
#1382=EDGE_CURVE('',#1115,#1117,#58,.T.);
#1383=EDGE_CURVE('',#1118,#1119,#59,.T.);
#1384=EDGE_CURVE('',#1120,#1119,#60,.T.);
#1385=EDGE_CURVE('',#1121,#1120,#61,.T.);
#1386=EDGE_CURVE('',#1118,#1121,#62,.T.);
#1387=EDGE_CURVE('',#1121,#1122,#63,.T.);
#1388=EDGE_CURVE('',#1123,#1120,#64,.T.);
#1389=EDGE_CURVE('',#1122,#1123,#65,.T.);
#1390=EDGE_CURVE('',#1122,#1124,#66,.T.);
#1391=EDGE_CURVE('',#1125,#1123,#67,.T.);
#1392=EDGE_CURVE('',#1124,#1125,#68,.T.);
#1393=EDGE_CURVE('',#1124,#1114,#69,.T.);
#1394=EDGE_CURVE('',#1116,#1125,#70,.T.);
#1395=EDGE_CURVE('',#1126,#1126,#1061,.T.);
#1396=EDGE_CURVE('',#1126,#1127,#71,.T.);
#1397=EDGE_CURVE('',#1127,#1127,#1062,.T.);
#1398=EDGE_CURVE('',#1128,#1128,#1063,.T.);
#1399=EDGE_CURVE('',#1128,#1129,#72,.T.);
#1400=EDGE_CURVE('',#1129,#1129,#1064,.T.);
#1401=EDGE_CURVE('',#1130,#1131,#73,.T.);
#1402=EDGE_CURVE('',#1130,#1132,#74,.T.);
#1403=EDGE_CURVE('',#1133,#1132,#75,.T.);
#1404=EDGE_CURVE('',#1131,#1133,#76,.T.);
#1405=EDGE_CURVE('',#1131,#1134,#77,.T.);
#1406=EDGE_CURVE('',#1135,#1133,#78,.T.);
#1407=EDGE_CURVE('',#1134,#1135,#79,.T.);
#1408=EDGE_CURVE('',#1136,#1137,#80,.T.);
#1409=EDGE_CURVE('',#1138,#1136,#81,.T.);
#1410=EDGE_CURVE('',#1139,#1138,#82,.T.);
#1411=EDGE_CURVE('',#1137,#1139,#83,.T.);
#1412=EDGE_CURVE('',#1137,#1130,#84,.T.);
#1413=EDGE_CURVE('',#1132,#1139,#85,.T.);
#1414=EDGE_CURVE('',#1106,#1119,#86,.T.);
#1415=EDGE_CURVE('',#1119,#1140,#87,.T.);
#1416=EDGE_CURVE('',#1140,#1141,#88,.T.);
#1417=EDGE_CURVE('',#1141,#1106,#89,.T.);
#1418=EDGE_CURVE('',#1142,#1143,#1065,.T.);
#1419=EDGE_CURVE('',#1144,#1143,#90,.T.);
#1420=EDGE_CURVE('',#1145,#1144,#1066,.T.);
#1421=EDGE_CURVE('',#1145,#1142,#91,.T.);
#1422=EDGE_CURVE('',#1146,#1145,#92,.T.);
#1423=EDGE_CURVE('',#1147,#1146,#93,.T.);
#1424=EDGE_CURVE('',#1147,#1142,#94,.T.);
#1425=EDGE_CURVE('',#1148,#1149,#95,.T.);
#1426=EDGE_CURVE('',#1149,#1147,#96,.T.);
#1427=EDGE_CURVE('',#1146,#1148,#97,.T.);
#1428=EDGE_CURVE('',#1150,#1151,#98,.T.);
#1429=EDGE_CURVE('',#1152,#1150,#99,.T.);
#1430=EDGE_CURVE('',#1152,#1153,#100,.T.);
#1431=EDGE_CURVE('',#1151,#1153,#101,.T.);
#1432=EDGE_CURVE('',#1154,#1155,#102,.T.);
#1433=EDGE_CURVE('',#1156,#1154,#103,.T.);
#1434=EDGE_CURVE('',#1157,#1156,#104,.T.);
#1435=EDGE_CURVE('',#1157,#1155,#105,.T.);
#1436=EDGE_CURVE('',#1158,#1159,#106,.T.);
#1437=EDGE_CURVE('',#1160,#1158,#107,.T.);
#1438=EDGE_CURVE('',#1161,#1160,#108,.T.);
#1439=EDGE_CURVE('',#1161,#1159,#109,.T.);
#1440=EDGE_CURVE('',#1162,#1141,#110,.T.);
#1441=EDGE_CURVE('',#1162,#1163,#111,.T.);
#1442=EDGE_CURVE('',#1107,#1163,#112,.T.);
#1443=EDGE_CURVE('',#1164,#1165,#113,.T.);
#1444=EDGE_CURVE('',#1165,#1166,#114,.T.);
#1445=EDGE_CURVE('',#1167,#1166,#115,.T.);
#1446=EDGE_CURVE('',#1164,#1167,#116,.T.);
#1447=EDGE_CURVE('',#1164,#1168,#1067,.T.);
#1448=EDGE_CURVE('',#1169,#1167,#1068,.T.);
#1449=EDGE_CURVE('',#1168,#1169,#117,.T.);
#1450=EDGE_CURVE('',#1170,#1168,#118,.T.);
#1451=EDGE_CURVE('',#1171,#1169,#119,.T.);
#1452=EDGE_CURVE('',#1170,#1171,#120,.T.);
#1453=EDGE_CURVE('',#1172,#1170,#121,.T.);
#1454=EDGE_CURVE('',#1173,#1171,#122,.T.);
#1455=EDGE_CURVE('',#1172,#1173,#123,.T.);
#1456=EDGE_CURVE('',#1174,#1172,#124,.T.);
#1457=EDGE_CURVE('',#1175,#1173,#125,.T.);
#1458=EDGE_CURVE('',#1174,#1175,#126,.T.);
#1459=EDGE_CURVE('',#1176,#1165,#127,.T.);
#1460=EDGE_CURVE('',#1176,#1177,#128,.T.);
#1461=EDGE_CURVE('',#1166,#1177,#129,.T.);
#1462=EDGE_CURVE('',#1178,#1174,#130,.T.);
#1463=EDGE_CURVE('',#1163,#1178,#131,.T.);
#1464=EDGE_CURVE('',#1176,#1162,#132,.T.);
#1465=EDGE_CURVE('',#1179,#1180,#133,.T.);
#1466=EDGE_CURVE('',#1179,#1181,#134,.T.);
#1467=EDGE_CURVE('',#1181,#1182,#135,.T.);
#1468=EDGE_CURVE('',#1183,#1182,#136,.T.);
#1469=EDGE_CURVE('',#1183,#1184,#137,.T.);
#1470=EDGE_CURVE('',#1184,#1185,#138,.T.);
#1471=EDGE_CURVE('',#1185,#1186,#139,.T.);
#1472=EDGE_CURVE('',#1186,#1187,#140,.T.);
#1473=EDGE_CURVE('',#1188,#1187,#1069,.T.);
#1474=EDGE_CURVE('',#1188,#1180,#141,.T.);
#1475=EDGE_CURVE('',#1180,#1189,#142,.T.);
#1476=EDGE_CURVE('',#1190,#1189,#143,.T.);
#1477=EDGE_CURVE('',#1179,#1190,#144,.T.);
#1478=EDGE_CURVE('',#1188,#1191,#145,.T.);
#1479=EDGE_CURVE('',#1189,#1191,#146,.T.);
#1480=EDGE_CURVE('',#1187,#1192,#147,.T.);
#1481=EDGE_CURVE('',#1191,#1192,#1070,.T.);
#1482=EDGE_CURVE('',#1186,#1193,#148,.T.);
#1483=EDGE_CURVE('',#1192,#1193,#149,.T.);
#1484=EDGE_CURVE('',#1185,#1194,#150,.T.);
#1485=EDGE_CURVE('',#1193,#1194,#151,.T.);
#1486=EDGE_CURVE('',#1184,#1195,#152,.T.);
#1487=EDGE_CURVE('',#1194,#1195,#153,.T.);
#1488=EDGE_CURVE('',#1196,#1197,#154,.T.);
#1489=EDGE_CURVE('',#1197,#1198,#155,.T.);
#1490=EDGE_CURVE('',#1198,#1181,#156,.T.);
#1491=EDGE_CURVE('',#1190,#1196,#157,.T.);
#1492=EDGE_CURVE('',#1195,#1196,#158,.T.);
#1493=EDGE_CURVE('',#1197,#1199,#159,.T.);
#1494=EDGE_CURVE('',#1200,#1199,#160,.T.);
#1495=EDGE_CURVE('',#1201,#1200,#161,.T.);
#1496=EDGE_CURVE('',#1201,#1198,#162,.T.);
#1497=EDGE_CURVE('',#1200,#1183,#163,.T.);
#1498=EDGE_CURVE('',#1182,#1201,#164,.T.);
#1499=EDGE_CURVE('',#1202,#1203,#165,.T.);
#1500=EDGE_CURVE('',#1204,#1202,#166,.T.);
#1501=EDGE_CURVE('',#1205,#1204,#167,.T.);
#1502=EDGE_CURVE('',#1205,#1203,#168,.T.);
#1503=EDGE_CURVE('',#1206,#1207,#1071,.T.);
#1504=EDGE_CURVE('',#1208,#1207,#169,.T.);
#1505=EDGE_CURVE('',#1209,#1208,#1072,.T.);
#1506=EDGE_CURVE('',#1209,#1206,#170,.T.);
#1507=EDGE_CURVE('',#1207,#1210,#171,.T.);
#1508=EDGE_CURVE('',#1211,#1210,#172,.T.);
#1509=EDGE_CURVE('',#1208,#1211,#173,.T.);
#1510=EDGE_CURVE('',#1210,#1212,#1073,.T.);
#1511=EDGE_CURVE('',#1213,#1212,#174,.T.);
#1512=EDGE_CURVE('',#1211,#1213,#1074,.T.);
#1513=EDGE_CURVE('',#1212,#1214,#175,.T.);
#1514=EDGE_CURVE('',#1215,#1214,#176,.T.);
#1515=EDGE_CURVE('',#1213,#1215,#177,.T.);
#1516=EDGE_CURVE('',#1214,#1216,#178,.T.);
#1517=EDGE_CURVE('',#1217,#1216,#179,.T.);
#1518=EDGE_CURVE('',#1217,#1215,#180,.T.);
#1519=EDGE_CURVE('',#1218,#1202,#181,.T.);
#1520=EDGE_CURVE('',#1203,#1219,#182,.T.);
#1521=EDGE_CURVE('',#1220,#1219,#183,.T.);
#1522=EDGE_CURVE('',#1220,#1221,#184,.T.);
#1523=EDGE_CURVE('',#1218,#1221,#185,.T.);
#1524=EDGE_CURVE('',#1222,#1159,#186,.T.);
#1525=EDGE_CURVE('',#1223,#1222,#187,.T.);
#1526=EDGE_CURVE('',#1158,#1223,#188,.T.);
#1527=EDGE_CURVE('',#1223,#1224,#189,.T.);
#1528=EDGE_CURVE('',#1225,#1222,#190,.T.);
#1529=EDGE_CURVE('',#1226,#1225,#191,.T.);
#1530=EDGE_CURVE('',#1224,#1226,#192,.T.);
#1531=EDGE_CURVE('',#1227,#1228,#193,.T.);
#1532=EDGE_CURVE('',#1229,#1228,#194,.T.);
#1533=EDGE_CURVE('',#1229,#1230,#195,.T.);
#1534=EDGE_CURVE('',#1230,#1231,#196,.T.);
#1535=EDGE_CURVE('',#1231,#1227,#1075,.T.);
#1536=EDGE_CURVE('',#1232,#1233,#197,.T.);
#1537=EDGE_CURVE('',#1232,#1231,#198,.T.);
#1538=EDGE_CURVE('',#1233,#1230,#199,.T.);
#1539=EDGE_CURVE('',#1233,#1234,#200,.T.);
#1540=EDGE_CURVE('',#1234,#1229,#201,.T.);
#1541=EDGE_CURVE('',#1235,#1236,#202,.T.);
#1542=EDGE_CURVE('',#1236,#1228,#203,.T.);
#1543=EDGE_CURVE('',#1235,#1227,#204,.T.);
#1544=EDGE_CURVE('',#1235,#1232,#1076,.T.);
#1545=EDGE_CURVE('',#1237,#1238,#205,.T.);
#1546=EDGE_CURVE('',#1238,#1239,#206,.T.);
#1547=EDGE_CURVE('',#1240,#1239,#207,.T.);
#1548=EDGE_CURVE('',#1237,#1240,#208,.T.);
#1549=EDGE_CURVE('',#1238,#1241,#209,.T.);
#1550=EDGE_CURVE('',#1241,#1242,#210,.T.);
#1551=EDGE_CURVE('',#1239,#1242,#211,.T.);
#1552=EDGE_CURVE('',#1241,#1243,#212,.T.);
#1553=EDGE_CURVE('',#1243,#1244,#213,.T.);
#1554=EDGE_CURVE('',#1242,#1244,#214,.T.);
#1555=EDGE_CURVE('',#1243,#1245,#215,.T.);
#1556=EDGE_CURVE('',#1246,#1245,#216,.T.);
#1557=EDGE_CURVE('',#1244,#1246,#217,.T.);
#1558=EDGE_CURVE('',#1245,#1247,#218,.T.);
#1559=EDGE_CURVE('',#1247,#1248,#219,.T.);
#1560=EDGE_CURVE('',#1246,#1248,#220,.T.);
#1561=EDGE_CURVE('',#1249,#1250,#221,.T.);
#1562=EDGE_CURVE('',#1251,#1249,#222,.T.);
#1563=EDGE_CURVE('',#1252,#1251,#223,.T.);
#1564=EDGE_CURVE('',#1250,#1252,#224,.T.);
#1565=EDGE_CURVE('',#1252,#1160,#225,.T.);
#1566=EDGE_CURVE('',#1161,#1251,#226,.T.);
#1567=EDGE_CURVE('',#1247,#1253,#227,.T.);
#1568=EDGE_CURVE('',#1253,#1254,#228,.T.);
#1569=EDGE_CURVE('',#1248,#1254,#229,.T.);
#1570=EDGE_CURVE('',#1219,#1255,#1077,.T.);
#1571=EDGE_CURVE('',#1256,#1255,#230,.T.);
#1572=EDGE_CURVE('',#1220,#1256,#1078,.T.);
#1573=EDGE_CURVE('',#1255,#1206,#231,.T.);
#1574=EDGE_CURVE('',#1256,#1209,#232,.T.);
#1575=EDGE_CURVE('',#1221,#1249,#233,.T.);
#1576=EDGE_CURVE('',#1217,#1257,#234,.T.);
#1577=EDGE_CURVE('',#1225,#1257,#235,.T.);
#1578=EDGE_CURVE('',#1258,#1259,#236,.T.);
#1579=EDGE_CURVE('',#1258,#1260,#237,.F.);
#1580=EDGE_CURVE('',#1260,#1261,#238,.T.);
#1581=EDGE_CURVE('',#1261,#1262,#239,.T.);
#1582=EDGE_CURVE('',#1263,#1262,#240,.T.);
#1583=EDGE_CURVE('',#1264,#1263,#241,.T.);
#1584=EDGE_CURVE('',#1259,#1264,#242,.T.);
#1585=EDGE_CURVE('',#1265,#1265,#1079,.T.);
#1586=EDGE_CURVE('',#1266,#1258,#243,.T.);
#1587=EDGE_CURVE('',#1154,#1266,#244,.T.);
#1588=EDGE_CURVE('',#1155,#1267,#245,.T.);
#1589=EDGE_CURVE('',#1267,#1260,#246,.T.);
#1590=EDGE_CURVE('',#1268,#1267,#247,.T.);
#1591=EDGE_CURVE('',#1268,#1157,#248,.T.);
#1592=EDGE_CURVE('',#1269,#1270,#249,.F.);
#1593=EDGE_CURVE('',#1269,#1268,#250,.T.);
#1594=EDGE_CURVE('',#1271,#1156,#251,.T.);
#1595=EDGE_CURVE('',#1271,#1270,#252,.T.);
#1596=EDGE_CURVE('',#1266,#1271,#253,.T.);
#1597=EDGE_CURVE('',#1272,#1272,#1080,.T.);
#1598=EDGE_CURVE('',#1265,#1272,#254,.T.);
#1599=EDGE_CURVE('',#1273,#1273,#1081,.T.);
#1600=EDGE_CURVE('',#1274,#1274,#1082,.T.);
#1601=EDGE_CURVE('',#1274,#1273,#255,.T.);
#1602=EDGE_CURVE('',#1275,#1276,#256,.T.);
#1603=EDGE_CURVE('',#1276,#1269,#257,.T.);
#1604=EDGE_CURVE('',#1270,#1275,#258,.F.);
#1605=EDGE_CURVE('',#1178,#1118,#259,.T.);
#1606=EDGE_CURVE('',#1277,#1175,#260,.T.);
#1607=EDGE_CURVE('',#1140,#1277,#261,.T.);
#1608=EDGE_CURVE('',#1254,#1278,#262,.T.);
#1609=EDGE_CURVE('',#1278,#1279,#263,.T.);
#1610=EDGE_CURVE('',#1280,#1279,#264,.T.);
#1611=EDGE_CURVE('',#1280,#1281,#265,.T.);
#1612=EDGE_CURVE('',#1282,#1281,#266,.T.);
#1613=EDGE_CURVE('',#1282,#1240,#267,.T.);
#1614=EDGE_CURVE('',#1283,#1218,#268,.T.);
#1615=EDGE_CURVE('',#1250,#1284,#269,.T.);
#1616=EDGE_CURVE('',#1284,#1285,#270,.T.);
#1617=EDGE_CURVE('',#1285,#1282,#271,.T.);
#1618=EDGE_CURVE('',#1286,#1281,#272,.T.);
#1619=EDGE_CURVE('',#1286,#1283,#273,.T.);
#1620=EDGE_CURVE('',#1277,#1177,#274,.T.);
#1621=EDGE_CURVE('',#1205,#1216,#275,.T.);
#1622=EDGE_CURVE('',#1287,#1286,#276,.T.);
#1623=EDGE_CURVE('',#1280,#1288,#277,.T.);
#1624=EDGE_CURVE('',#1289,#1288,#278,.T.);
#1625=EDGE_CURVE('',#1289,#1290,#279,.T.);
#1626=EDGE_CURVE('',#1287,#1290,#280,.T.);
#1627=EDGE_CURVE('',#1291,#1278,#281,.T.);
#1628=EDGE_CURVE('',#1291,#1253,#282,.T.);
#1629=EDGE_CURVE('',#1279,#1292,#283,.T.);
#1630=EDGE_CURVE('',#1292,#1288,#284,.T.);
#1631=EDGE_CURVE('',#1291,#1292,#285,.T.);
#1632=EDGE_CURVE('',#1204,#1283,#286,.T.);
#1633=EDGE_CURVE('',#1257,#1287,#287,.T.);
#1634=EDGE_CURVE('',#1150,#1293,#288,.T.);
#1635=EDGE_CURVE('',#1293,#1294,#289,.T.);
#1636=EDGE_CURVE('',#1294,#1152,#290,.T.);
#1637=EDGE_CURVE('',#1294,#1295,#291,.T.);
#1638=EDGE_CURVE('',#1153,#1295,#292,.T.);
#1639=EDGE_CURVE('',#1259,#1296,#293,.T.);
#1640=EDGE_CURVE('',#1297,#1264,#294,.T.);
#1641=EDGE_CURVE('',#1296,#1297,#295,.T.);
#1642=EDGE_CURVE('',#1298,#1299,#296,.T.);
#1643=EDGE_CURVE('',#1299,#1300,#297,.T.);
#1644=EDGE_CURVE('',#1301,#1300,#298,.T.);
#1645=EDGE_CURVE('',#1298,#1301,#299,.T.);
#1646=EDGE_CURVE('',#1104,#1302,#300,.T.);
#1647=EDGE_CURVE('',#1303,#1302,#301,.T.);
#1648=EDGE_CURVE('',#1105,#1303,#302,.T.);
#1649=EDGE_CURVE('',#1302,#1304,#303,.T.);
#1650=EDGE_CURVE('',#1299,#1304,#304,.T.);
#1651=EDGE_CURVE('',#1303,#1298,#305,.T.);
#1652=EDGE_CURVE('',#1299,#1135,#306,.T.);
#1653=EDGE_CURVE('',#1304,#1134,#307,.T.);
#1654=EDGE_CURVE('',#1117,#1109,#308,.T.);
#1655=EDGE_CURVE('',#1300,#1138,#309,.T.);
#1656=EDGE_CURVE('',#1305,#1305,#1083,.T.);
#1657=EDGE_CURVE('',#1305,#1306,#310,.T.);
#1658=EDGE_CURVE('',#1306,#1306,#1084,.T.);
#1659=EDGE_CURVE('',#1307,#1308,#311,.T.);
#1660=EDGE_CURVE('',#1149,#1308,#312,.T.);
#1661=EDGE_CURVE('',#1148,#1307,#313,.T.);
#1662=EDGE_CURVE('',#1309,#1310,#314,.T.);
#1663=EDGE_CURVE('',#1310,#1311,#315,.T.);
#1664=EDGE_CURVE('',#1312,#1311,#316,.T.);
#1665=EDGE_CURVE('',#1312,#1309,#317,.T.);
#1666=EDGE_CURVE('',#1313,#1309,#318,.T.);
#1667=EDGE_CURVE('',#1314,#1312,#319,.T.);
#1668=EDGE_CURVE('',#1314,#1313,#320,.T.);
#1669=EDGE_CURVE('',#1315,#1316,#321,.T.);
#1670=EDGE_CURVE('',#1316,#1313,#322,.T.);
#1671=EDGE_CURVE('',#1315,#1314,#323,.T.);
#1672=EDGE_CURVE('',#1316,#1307,#324,.T.);
#1673=EDGE_CURVE('',#1317,#1144,#325,.T.);
#1674=EDGE_CURVE('',#1318,#1317,#1085,.T.);
#1675=EDGE_CURVE('',#1318,#1310,#326,.T.);
#1676=EDGE_CURVE('',#1319,#1297,#327,.T.);
#1677=EDGE_CURVE('',#1320,#1319,#328,.T.);
#1678=EDGE_CURVE('',#1321,#1320,#329,.T.);
#1679=EDGE_CURVE('',#1108,#1321,#330,.T.);
#1680=EDGE_CURVE('',#1136,#1115,#331,.T.);
#1681=EDGE_CURVE('',#1095,#1296,#332,.T.);
#1682=EDGE_CURVE('',#1143,#1322,#333,.T.);
#1683=EDGE_CURVE('',#1317,#1322,#334,.T.);
#1684=EDGE_CURVE('',#1318,#1323,#335,.T.);
#1685=EDGE_CURVE('',#1311,#1323,#336,.T.);
#1686=EDGE_CURVE('',#1322,#1323,#1086,.T.);
#1687=EDGE_CURVE('',#1293,#1324,#337,.T.);
#1688=EDGE_CURVE('',#1295,#1324,#338,.T.);
#1689=EDGE_CURVE('',#1324,#1151,#339,.T.);
#1690=EDGE_CURVE('',#1325,#1321,#340,.T.);
#1691=EDGE_CURVE('',#1325,#1326,#341,.T.);
#1692=EDGE_CURVE('',#1301,#1326,#342,.T.);
#1693=EDGE_CURVE('',#1327,#1325,#343,.T.);
#1694=EDGE_CURVE('',#1320,#1327,#344,.T.);
#1695=EDGE_CURVE('',#1328,#1319,#345,.T.);
#1696=EDGE_CURVE('',#1329,#1328,#346,.T.);
#1697=EDGE_CURVE('',#1327,#1329,#347,.T.);
#1698=EDGE_CURVE('',#1330,#1263,#348,.T.);
#1699=EDGE_CURVE('',#1328,#1330,#349,.T.);
#1700=EDGE_CURVE('',#1262,#1331,#350,.T.);
#1701=EDGE_CURVE('',#1331,#1332,#351,.T.);
#1702=EDGE_CURVE('',#1330,#1332,#352,.T.);
#1703=EDGE_CURVE('',#1333,#1331,#353,.T.);
#1704=EDGE_CURVE('',#1333,#1261,#354,.T.);
#1705=EDGE_CURVE('',#1276,#1334,#355,.T.);
#1706=EDGE_CURVE('',#1335,#1334,#356,.T.);
#1707=EDGE_CURVE('',#1333,#1335,#357,.T.);
#1708=EDGE_CURVE('',#1275,#1336,#358,.T.);
#1709=EDGE_CURVE('',#1096,#1289,#359,.T.);
#1710=EDGE_CURVE('',#1337,#1237,#360,.T.);
#1711=EDGE_CURVE('',#1337,#1338,#361,.T.);
#1712=EDGE_CURVE('',#1336,#1338,#362,.T.);
#1713=EDGE_CURVE('',#1334,#1336,#363,.T.);
#1714=EDGE_CURVE('',#1339,#1337,#364,.T.);
#1715=EDGE_CURVE('',#1285,#1339,#365,.T.);
#1716=EDGE_CURVE('',#1234,#1284,#366,.T.);
#1717=EDGE_CURVE('',#1236,#1340,#367,.T.);
#1718=EDGE_CURVE('',#1340,#1341,#368,.T.);
#1719=EDGE_CURVE('',#1342,#1341,#369,.T.);
#1720=EDGE_CURVE('',#1339,#1342,#370,.T.);
#1721=EDGE_CURVE('',#1224,#1340,#371,.T.);
#1722=EDGE_CURVE('',#1308,#1315,#372,.T.);
#1723=EDGE_CURVE('',#1326,#1329,#373,.T.);
#1724=EDGE_CURVE('',#1332,#1335,#374,.T.);
#1725=EDGE_CURVE('',#1338,#1342,#375,.T.);
#1726=EDGE_CURVE('',#1341,#1226,#376,.T.);
#1727=EDGE_CURVE('',#1290,#1099,#377,.T.);
#1728=ORIENTED_EDGE('',*,*,#1343,.T.);
#1729=ORIENTED_EDGE('',*,*,#1343,.F.);
#1730=ORIENTED_EDGE('',*,*,#1344,.T.);
#1731=ORIENTED_EDGE('',*,*,#1345,.T.);
#1732=ORIENTED_EDGE('',*,*,#1344,.F.);
#1733=ORIENTED_EDGE('',*,*,#1345,.F.);
#1734=ORIENTED_EDGE('',*,*,#1346,.T.);
#1735=ORIENTED_EDGE('',*,*,#1346,.F.);
#1736=ORIENTED_EDGE('',*,*,#1347,.T.);
#1737=ORIENTED_EDGE('',*,*,#1348,.T.);
#1738=ORIENTED_EDGE('',*,*,#1347,.F.);
#1739=ORIENTED_EDGE('',*,*,#1348,.F.);
#1740=ORIENTED_EDGE('',*,*,#1349,.F.);
#1741=ORIENTED_EDGE('',*,*,#1350,.F.);
#1742=ORIENTED_EDGE('',*,*,#1351,.T.);
#1743=ORIENTED_EDGE('',*,*,#1349,.T.);
#1744=ORIENTED_EDGE('',*,*,#1351,.F.);
#1745=ORIENTED_EDGE('',*,*,#1350,.T.);
#1746=ORIENTED_EDGE('',*,*,#1352,.T.);
#1747=ORIENTED_EDGE('',*,*,#1352,.F.);
#1748=ORIENTED_EDGE('',*,*,#1353,.T.);
#1749=ORIENTED_EDGE('',*,*,#1354,.T.);
#1750=ORIENTED_EDGE('',*,*,#1353,.F.);
#1751=ORIENTED_EDGE('',*,*,#1354,.F.);
#1752=ORIENTED_EDGE('',*,*,#1355,.F.);
#1753=ORIENTED_EDGE('',*,*,#1356,.F.);
#1754=ORIENTED_EDGE('',*,*,#1357,.F.);
#1755=ORIENTED_EDGE('',*,*,#1358,.F.);
#1756=ORIENTED_EDGE('',*,*,#1359,.F.);
#1757=ORIENTED_EDGE('',*,*,#1357,.T.);
#1758=ORIENTED_EDGE('',*,*,#1360,.T.);
#1759=ORIENTED_EDGE('',*,*,#1361,.F.);
#1760=ORIENTED_EDGE('',*,*,#1362,.F.);
#1761=ORIENTED_EDGE('',*,*,#1361,.T.);
#1762=ORIENTED_EDGE('',*,*,#1363,.T.);
#1763=ORIENTED_EDGE('',*,*,#1364,.T.);
#1764=ORIENTED_EDGE('',*,*,#1365,.F.);
#1765=ORIENTED_EDGE('',*,*,#1364,.F.);
#1766=ORIENTED_EDGE('',*,*,#1366,.T.);
#1767=ORIENTED_EDGE('',*,*,#1367,.T.);
#1768=ORIENTED_EDGE('',*,*,#1368,.F.);
#1769=ORIENTED_EDGE('',*,*,#1369,.T.);
#1770=ORIENTED_EDGE('',*,*,#1370,.F.);
#1771=ORIENTED_EDGE('',*,*,#1371,.F.);
#1772=ORIENTED_EDGE('',*,*,#1372,.F.);
#1773=ORIENTED_EDGE('',*,*,#1373,.F.);
#1774=ORIENTED_EDGE('',*,*,#1374,.T.);
#1775=ORIENTED_EDGE('',*,*,#1375,.T.);
#1776=ORIENTED_EDGE('',*,*,#1374,.F.);
#1777=ORIENTED_EDGE('',*,*,#1376,.F.);
#1778=ORIENTED_EDGE('',*,*,#1377,.T.);
#1779=ORIENTED_EDGE('',*,*,#1378,.T.);
#1780=ORIENTED_EDGE('',*,*,#1377,.F.);
#1781=ORIENTED_EDGE('',*,*,#1379,.F.);
#1782=ORIENTED_EDGE('',*,*,#1380,.T.);
#1783=ORIENTED_EDGE('',*,*,#1381,.F.);
#1784=ORIENTED_EDGE('',*,*,#1382,.F.);
#1785=ORIENTED_EDGE('',*,*,#1383,.T.);
#1786=ORIENTED_EDGE('',*,*,#1384,.F.);
#1787=ORIENTED_EDGE('',*,*,#1385,.F.);
#1788=ORIENTED_EDGE('',*,*,#1386,.F.);
#1789=ORIENTED_EDGE('',*,*,#1387,.F.);
#1790=ORIENTED_EDGE('',*,*,#1385,.T.);
#1791=ORIENTED_EDGE('',*,*,#1388,.F.);
#1792=ORIENTED_EDGE('',*,*,#1389,.F.);
#1793=ORIENTED_EDGE('',*,*,#1390,.F.);
#1794=ORIENTED_EDGE('',*,*,#1389,.T.);
#1795=ORIENTED_EDGE('',*,*,#1391,.F.);
#1796=ORIENTED_EDGE('',*,*,#1392,.F.);
#1797=ORIENTED_EDGE('',*,*,#1393,.F.);
#1798=ORIENTED_EDGE('',*,*,#1392,.T.);
#1799=ORIENTED_EDGE('',*,*,#1394,.F.);
#1800=ORIENTED_EDGE('',*,*,#1380,.F.);
#1801=ORIENTED_EDGE('',*,*,#1395,.F.);
#1802=ORIENTED_EDGE('',*,*,#1396,.T.);
#1803=ORIENTED_EDGE('',*,*,#1397,.T.);
#1804=ORIENTED_EDGE('',*,*,#1396,.F.);
#1805=ORIENTED_EDGE('',*,*,#1398,.F.);
#1806=ORIENTED_EDGE('',*,*,#1399,.T.);
#1807=ORIENTED_EDGE('',*,*,#1400,.T.);
#1808=ORIENTED_EDGE('',*,*,#1399,.F.);
#1809=ORIENTED_EDGE('',*,*,#1401,.F.);
#1810=ORIENTED_EDGE('',*,*,#1402,.T.);
#1811=ORIENTED_EDGE('',*,*,#1403,.F.);
#1812=ORIENTED_EDGE('',*,*,#1404,.F.);
#1813=ORIENTED_EDGE('',*,*,#1405,.F.);
#1814=ORIENTED_EDGE('',*,*,#1404,.T.);
#1815=ORIENTED_EDGE('',*,*,#1406,.F.);
#1816=ORIENTED_EDGE('',*,*,#1407,.F.);
#1817=ORIENTED_EDGE('',*,*,#1408,.F.);
#1818=ORIENTED_EDGE('',*,*,#1409,.F.);
#1819=ORIENTED_EDGE('',*,*,#1410,.F.);
#1820=ORIENTED_EDGE('',*,*,#1411,.F.);
#1821=ORIENTED_EDGE('',*,*,#1412,.F.);
#1822=ORIENTED_EDGE('',*,*,#1411,.T.);
#1823=ORIENTED_EDGE('',*,*,#1413,.F.);
#1824=ORIENTED_EDGE('',*,*,#1402,.F.);
#1825=ORIENTED_EDGE('',*,*,#1414,.T.);
#1826=ORIENTED_EDGE('',*,*,#1415,.T.);
#1827=ORIENTED_EDGE('',*,*,#1416,.T.);
#1828=ORIENTED_EDGE('',*,*,#1417,.T.);
#1829=ORIENTED_EDGE('',*,*,#1418,.T.);
#1830=ORIENTED_EDGE('',*,*,#1419,.F.);
#1831=ORIENTED_EDGE('',*,*,#1420,.F.);
#1832=ORIENTED_EDGE('',*,*,#1421,.T.);
#1833=ORIENTED_EDGE('',*,*,#1421,.F.);
#1834=ORIENTED_EDGE('',*,*,#1422,.F.);
#1835=ORIENTED_EDGE('',*,*,#1423,.F.);
#1836=ORIENTED_EDGE('',*,*,#1424,.T.);
#1837=ORIENTED_EDGE('',*,*,#1425,.T.);
#1838=ORIENTED_EDGE('',*,*,#1426,.T.);
#1839=ORIENTED_EDGE('',*,*,#1423,.T.);
#1840=ORIENTED_EDGE('',*,*,#1427,.T.);
#1841=ORIENTED_EDGE('',*,*,#1428,.F.);
#1842=ORIENTED_EDGE('',*,*,#1429,.F.);
#1843=ORIENTED_EDGE('',*,*,#1430,.T.);
#1844=ORIENTED_EDGE('',*,*,#1431,.F.);
#1845=ORIENTED_EDGE('',*,*,#1432,.F.);
#1846=ORIENTED_EDGE('',*,*,#1433,.F.);
#1847=ORIENTED_EDGE('',*,*,#1434,.F.);
#1848=ORIENTED_EDGE('',*,*,#1435,.T.);
#1849=ORIENTED_EDGE('',*,*,#1436,.F.);
#1850=ORIENTED_EDGE('',*,*,#1437,.F.);
#1851=ORIENTED_EDGE('',*,*,#1438,.F.);
#1852=ORIENTED_EDGE('',*,*,#1439,.T.);
#1853=ORIENTED_EDGE('',*,*,#1440,.F.);
#1854=ORIENTED_EDGE('',*,*,#1441,.T.);
#1855=ORIENTED_EDGE('',*,*,#1442,.F.);
#1856=ORIENTED_EDGE('',*,*,#1369,.F.);
#1857=ORIENTED_EDGE('',*,*,#1417,.F.);
#1858=ORIENTED_EDGE('',*,*,#1443,.T.);
#1859=ORIENTED_EDGE('',*,*,#1444,.T.);
#1860=ORIENTED_EDGE('',*,*,#1445,.F.);
#1861=ORIENTED_EDGE('',*,*,#1446,.F.);
#1862=ORIENTED_EDGE('',*,*,#1447,.F.);
#1863=ORIENTED_EDGE('',*,*,#1446,.T.);
#1864=ORIENTED_EDGE('',*,*,#1448,.F.);
#1865=ORIENTED_EDGE('',*,*,#1449,.F.);
#1866=ORIENTED_EDGE('',*,*,#1450,.T.);
#1867=ORIENTED_EDGE('',*,*,#1449,.T.);
#1868=ORIENTED_EDGE('',*,*,#1451,.F.);
#1869=ORIENTED_EDGE('',*,*,#1452,.F.);
#1870=ORIENTED_EDGE('',*,*,#1453,.T.);
#1871=ORIENTED_EDGE('',*,*,#1452,.T.);
#1872=ORIENTED_EDGE('',*,*,#1454,.F.);
#1873=ORIENTED_EDGE('',*,*,#1455,.F.);
#1874=ORIENTED_EDGE('',*,*,#1456,.T.);
#1875=ORIENTED_EDGE('',*,*,#1455,.T.);
#1876=ORIENTED_EDGE('',*,*,#1457,.F.);
#1877=ORIENTED_EDGE('',*,*,#1458,.F.);
#1878=ORIENTED_EDGE('',*,*,#1459,.F.);
#1879=ORIENTED_EDGE('',*,*,#1460,.T.);
#1880=ORIENTED_EDGE('',*,*,#1461,.F.);
#1881=ORIENTED_EDGE('',*,*,#1444,.F.);
#1882=ORIENTED_EDGE('',*,*,#1459,.T.);
#1883=ORIENTED_EDGE('',*,*,#1443,.F.);
#1884=ORIENTED_EDGE('',*,*,#1447,.T.);
#1885=ORIENTED_EDGE('',*,*,#1450,.F.);
#1886=ORIENTED_EDGE('',*,*,#1453,.F.);
#1887=ORIENTED_EDGE('',*,*,#1456,.F.);
#1888=ORIENTED_EDGE('',*,*,#1462,.F.);
#1889=ORIENTED_EDGE('',*,*,#1463,.F.);
#1890=ORIENTED_EDGE('',*,*,#1441,.F.);
#1891=ORIENTED_EDGE('',*,*,#1464,.F.);
#1892=ORIENTED_EDGE('',*,*,#1465,.F.);
#1893=ORIENTED_EDGE('',*,*,#1466,.T.);
#1894=ORIENTED_EDGE('',*,*,#1467,.T.);
#1895=ORIENTED_EDGE('',*,*,#1468,.F.);
#1896=ORIENTED_EDGE('',*,*,#1469,.T.);
#1897=ORIENTED_EDGE('',*,*,#1470,.T.);
#1898=ORIENTED_EDGE('',*,*,#1471,.T.);
#1899=ORIENTED_EDGE('',*,*,#1472,.T.);
#1900=ORIENTED_EDGE('',*,*,#1473,.F.);
#1901=ORIENTED_EDGE('',*,*,#1474,.T.);
#1902=ORIENTED_EDGE('',*,*,#1465,.T.);
#1903=ORIENTED_EDGE('',*,*,#1475,.T.);
#1904=ORIENTED_EDGE('',*,*,#1476,.F.);
#1905=ORIENTED_EDGE('',*,*,#1477,.F.);
#1906=ORIENTED_EDGE('',*,*,#1474,.F.);
#1907=ORIENTED_EDGE('',*,*,#1478,.T.);
#1908=ORIENTED_EDGE('',*,*,#1479,.F.);
#1909=ORIENTED_EDGE('',*,*,#1475,.F.);
#1910=ORIENTED_EDGE('',*,*,#1473,.T.);
#1911=ORIENTED_EDGE('',*,*,#1480,.T.);
#1912=ORIENTED_EDGE('',*,*,#1481,.F.);
#1913=ORIENTED_EDGE('',*,*,#1478,.F.);
#1914=ORIENTED_EDGE('',*,*,#1472,.F.);
#1915=ORIENTED_EDGE('',*,*,#1482,.T.);
#1916=ORIENTED_EDGE('',*,*,#1483,.F.);
#1917=ORIENTED_EDGE('',*,*,#1480,.F.);
#1918=ORIENTED_EDGE('',*,*,#1471,.F.);
#1919=ORIENTED_EDGE('',*,*,#1484,.T.);
#1920=ORIENTED_EDGE('',*,*,#1485,.F.);
#1921=ORIENTED_EDGE('',*,*,#1482,.F.);
#1922=ORIENTED_EDGE('',*,*,#1470,.F.);
#1923=ORIENTED_EDGE('',*,*,#1486,.T.);
#1924=ORIENTED_EDGE('',*,*,#1487,.F.);
#1925=ORIENTED_EDGE('',*,*,#1484,.F.);
#1926=ORIENTED_EDGE('',*,*,#1488,.T.);
#1927=ORIENTED_EDGE('',*,*,#1489,.T.);
#1928=ORIENTED_EDGE('',*,*,#1490,.T.);
#1929=ORIENTED_EDGE('',*,*,#1466,.F.);
#1930=ORIENTED_EDGE('',*,*,#1477,.T.);
#1931=ORIENTED_EDGE('',*,*,#1491,.T.);
#1932=ORIENTED_EDGE('',*,*,#1476,.T.);
#1933=ORIENTED_EDGE('',*,*,#1479,.T.);
#1934=ORIENTED_EDGE('',*,*,#1481,.T.);
#1935=ORIENTED_EDGE('',*,*,#1483,.T.);
#1936=ORIENTED_EDGE('',*,*,#1485,.T.);
#1937=ORIENTED_EDGE('',*,*,#1487,.T.);
#1938=ORIENTED_EDGE('',*,*,#1492,.T.);
#1939=ORIENTED_EDGE('',*,*,#1491,.F.);
#1940=ORIENTED_EDGE('',*,*,#1493,.T.);
#1941=ORIENTED_EDGE('',*,*,#1494,.F.);
#1942=ORIENTED_EDGE('',*,*,#1495,.F.);
#1943=ORIENTED_EDGE('',*,*,#1496,.T.);
#1944=ORIENTED_EDGE('',*,*,#1489,.F.);
#1945=ORIENTED_EDGE('',*,*,#1494,.T.);
#1946=ORIENTED_EDGE('',*,*,#1493,.F.);
#1947=ORIENTED_EDGE('',*,*,#1488,.F.);
#1948=ORIENTED_EDGE('',*,*,#1492,.F.);
#1949=ORIENTED_EDGE('',*,*,#1486,.F.);
#1950=ORIENTED_EDGE('',*,*,#1469,.F.);
#1951=ORIENTED_EDGE('',*,*,#1497,.F.);
#1952=ORIENTED_EDGE('',*,*,#1498,.F.);
#1953=ORIENTED_EDGE('',*,*,#1467,.F.);
#1954=ORIENTED_EDGE('',*,*,#1490,.F.);
#1955=ORIENTED_EDGE('',*,*,#1496,.F.);
#1956=ORIENTED_EDGE('',*,*,#1499,.F.);
#1957=ORIENTED_EDGE('',*,*,#1500,.F.);
#1958=ORIENTED_EDGE('',*,*,#1501,.F.);
#1959=ORIENTED_EDGE('',*,*,#1502,.T.);
#1960=ORIENTED_EDGE('',*,*,#1503,.T.);
#1961=ORIENTED_EDGE('',*,*,#1504,.F.);
#1962=ORIENTED_EDGE('',*,*,#1505,.F.);
#1963=ORIENTED_EDGE('',*,*,#1506,.T.);
#1964=ORIENTED_EDGE('',*,*,#1507,.T.);
#1965=ORIENTED_EDGE('',*,*,#1508,.F.);
#1966=ORIENTED_EDGE('',*,*,#1509,.F.);
#1967=ORIENTED_EDGE('',*,*,#1504,.T.);
#1968=ORIENTED_EDGE('',*,*,#1510,.T.);
#1969=ORIENTED_EDGE('',*,*,#1511,.F.);
#1970=ORIENTED_EDGE('',*,*,#1512,.F.);
#1971=ORIENTED_EDGE('',*,*,#1508,.T.);
#1972=ORIENTED_EDGE('',*,*,#1513,.T.);
#1973=ORIENTED_EDGE('',*,*,#1514,.F.);
#1974=ORIENTED_EDGE('',*,*,#1515,.F.);
#1975=ORIENTED_EDGE('',*,*,#1511,.T.);
#1976=ORIENTED_EDGE('',*,*,#1516,.T.);
#1977=ORIENTED_EDGE('',*,*,#1517,.F.);
#1978=ORIENTED_EDGE('',*,*,#1518,.T.);
#1979=ORIENTED_EDGE('',*,*,#1514,.T.);
#1980=ORIENTED_EDGE('',*,*,#1519,.T.);
#1981=ORIENTED_EDGE('',*,*,#1499,.T.);
#1982=ORIENTED_EDGE('',*,*,#1520,.T.);
#1983=ORIENTED_EDGE('',*,*,#1521,.F.);
#1984=ORIENTED_EDGE('',*,*,#1522,.T.);
#1985=ORIENTED_EDGE('',*,*,#1523,.F.);
#1986=ORIENTED_EDGE('',*,*,#1436,.T.);
#1987=ORIENTED_EDGE('',*,*,#1524,.F.);
#1988=ORIENTED_EDGE('',*,*,#1525,.F.);
#1989=ORIENTED_EDGE('',*,*,#1526,.F.);
#1990=ORIENTED_EDGE('',*,*,#1527,.F.);
#1991=ORIENTED_EDGE('',*,*,#1525,.T.);
#1992=ORIENTED_EDGE('',*,*,#1528,.F.);
#1993=ORIENTED_EDGE('',*,*,#1529,.F.);
#1994=ORIENTED_EDGE('',*,*,#1530,.F.);
#1995=ORIENTED_EDGE('',*,*,#1531,.T.);
#1996=ORIENTED_EDGE('',*,*,#1532,.F.);
#1997=ORIENTED_EDGE('',*,*,#1533,.T.);
#1998=ORIENTED_EDGE('',*,*,#1534,.T.);
#1999=ORIENTED_EDGE('',*,*,#1535,.T.);
#2000=ORIENTED_EDGE('',*,*,#1536,.F.);
#2001=ORIENTED_EDGE('',*,*,#1537,.T.);
#2002=ORIENTED_EDGE('',*,*,#1534,.F.);
#2003=ORIENTED_EDGE('',*,*,#1538,.F.);
#2004=ORIENTED_EDGE('',*,*,#1539,.F.);
#2005=ORIENTED_EDGE('',*,*,#1538,.T.);
#2006=ORIENTED_EDGE('',*,*,#1533,.F.);
#2007=ORIENTED_EDGE('',*,*,#1540,.F.);
#2008=ORIENTED_EDGE('',*,*,#1541,.T.);
#2009=ORIENTED_EDGE('',*,*,#1542,.T.);
#2010=ORIENTED_EDGE('',*,*,#1531,.F.);
#2011=ORIENTED_EDGE('',*,*,#1543,.F.);
#2012=ORIENTED_EDGE('',*,*,#1544,.F.);
#2013=ORIENTED_EDGE('',*,*,#1543,.T.);
#2014=ORIENTED_EDGE('',*,*,#1535,.F.);
#2015=ORIENTED_EDGE('',*,*,#1537,.F.);
#2016=ORIENTED_EDGE('',*,*,#1545,.T.);
#2017=ORIENTED_EDGE('',*,*,#1546,.T.);
#2018=ORIENTED_EDGE('',*,*,#1547,.F.);
#2019=ORIENTED_EDGE('',*,*,#1548,.F.);
#2020=ORIENTED_EDGE('',*,*,#1549,.T.);
#2021=ORIENTED_EDGE('',*,*,#1550,.T.);
#2022=ORIENTED_EDGE('',*,*,#1551,.F.);
#2023=ORIENTED_EDGE('',*,*,#1546,.F.);
#2024=ORIENTED_EDGE('',*,*,#1552,.T.);
#2025=ORIENTED_EDGE('',*,*,#1553,.T.);
#2026=ORIENTED_EDGE('',*,*,#1554,.F.);
#2027=ORIENTED_EDGE('',*,*,#1550,.F.);
#2028=ORIENTED_EDGE('',*,*,#1555,.T.);
#2029=ORIENTED_EDGE('',*,*,#1556,.F.);
#2030=ORIENTED_EDGE('',*,*,#1557,.F.);
#2031=ORIENTED_EDGE('',*,*,#1553,.F.);
#2032=ORIENTED_EDGE('',*,*,#1558,.T.);
#2033=ORIENTED_EDGE('',*,*,#1559,.T.);
#2034=ORIENTED_EDGE('',*,*,#1560,.F.);
#2035=ORIENTED_EDGE('',*,*,#1556,.T.);
#2036=ORIENTED_EDGE('',*,*,#1561,.F.);
#2037=ORIENTED_EDGE('',*,*,#1562,.F.);
#2038=ORIENTED_EDGE('',*,*,#1563,.F.);
#2039=ORIENTED_EDGE('',*,*,#1564,.F.);
#2040=ORIENTED_EDGE('',*,*,#1438,.T.);
#2041=ORIENTED_EDGE('',*,*,#1565,.F.);
#2042=ORIENTED_EDGE('',*,*,#1563,.T.);
#2043=ORIENTED_EDGE('',*,*,#1566,.F.);
#2044=ORIENTED_EDGE('',*,*,#1567,.T.);
#2045=ORIENTED_EDGE('',*,*,#1568,.T.);
#2046=ORIENTED_EDGE('',*,*,#1569,.F.);
#2047=ORIENTED_EDGE('',*,*,#1559,.F.);
#2048=ORIENTED_EDGE('',*,*,#1570,.T.);
#2049=ORIENTED_EDGE('',*,*,#1571,.F.);
#2050=ORIENTED_EDGE('',*,*,#1572,.F.);
#2051=ORIENTED_EDGE('',*,*,#1521,.T.);
#2052=ORIENTED_EDGE('',*,*,#1573,.T.);
#2053=ORIENTED_EDGE('',*,*,#1506,.F.);
#2054=ORIENTED_EDGE('',*,*,#1574,.F.);
#2055=ORIENTED_EDGE('',*,*,#1571,.T.);
#2056=ORIENTED_EDGE('',*,*,#1528,.T.);
#2057=ORIENTED_EDGE('',*,*,#1524,.T.);
#2058=ORIENTED_EDGE('',*,*,#1439,.F.);
#2059=ORIENTED_EDGE('',*,*,#1566,.T.);
#2060=ORIENTED_EDGE('',*,*,#1562,.T.);
#2061=ORIENTED_EDGE('',*,*,#1575,.F.);
#2062=ORIENTED_EDGE('',*,*,#1522,.F.);
#2063=ORIENTED_EDGE('',*,*,#1572,.T.);
#2064=ORIENTED_EDGE('',*,*,#1574,.T.);
#2065=ORIENTED_EDGE('',*,*,#1505,.T.);
#2066=ORIENTED_EDGE('',*,*,#1509,.T.);
#2067=ORIENTED_EDGE('',*,*,#1512,.T.);
#2068=ORIENTED_EDGE('',*,*,#1515,.T.);
#2069=ORIENTED_EDGE('',*,*,#1518,.F.);
#2070=ORIENTED_EDGE('',*,*,#1576,.T.);
#2071=ORIENTED_EDGE('',*,*,#1577,.F.);
#2072=ORIENTED_EDGE('',*,*,#1578,.F.);
#2073=ORIENTED_EDGE('',*,*,#1579,.T.);
#2074=ORIENTED_EDGE('',*,*,#1580,.T.);
#2075=ORIENTED_EDGE('',*,*,#1581,.T.);
#2076=ORIENTED_EDGE('',*,*,#1582,.F.);
#2077=ORIENTED_EDGE('',*,*,#1583,.F.);
#2078=ORIENTED_EDGE('',*,*,#1584,.F.);
#2079=ORIENTED_EDGE('',*,*,#1585,.T.);
#2080=ORIENTED_EDGE('',*,*,#1579,.F.);
#2081=ORIENTED_EDGE('',*,*,#1586,.F.);
#2082=ORIENTED_EDGE('',*,*,#1587,.F.);
#2083=ORIENTED_EDGE('',*,*,#1432,.T.);
#2084=ORIENTED_EDGE('',*,*,#1588,.T.);
#2085=ORIENTED_EDGE('',*,*,#1589,.T.);
#2086=ORIENTED_EDGE('',*,*,#1590,.T.);
#2087=ORIENTED_EDGE('',*,*,#1588,.F.);
#2088=ORIENTED_EDGE('',*,*,#1435,.F.);
#2089=ORIENTED_EDGE('',*,*,#1591,.F.);
#2090=ORIENTED_EDGE('',*,*,#1592,.F.);
#2091=ORIENTED_EDGE('',*,*,#1593,.T.);
#2092=ORIENTED_EDGE('',*,*,#1591,.T.);
#2093=ORIENTED_EDGE('',*,*,#1434,.T.);
#2094=ORIENTED_EDGE('',*,*,#1594,.F.);
#2095=ORIENTED_EDGE('',*,*,#1595,.T.);
#2096=ORIENTED_EDGE('',*,*,#1596,.T.);
#2097=ORIENTED_EDGE('',*,*,#1594,.T.);
#2098=ORIENTED_EDGE('',*,*,#1433,.T.);
#2099=ORIENTED_EDGE('',*,*,#1587,.T.);
#2100=ORIENTED_EDGE('',*,*,#1597,.F.);
#2101=ORIENTED_EDGE('',*,*,#1585,.F.);
#2102=ORIENTED_EDGE('',*,*,#1598,.T.);
#2103=ORIENTED_EDGE('',*,*,#1597,.T.);
#2104=ORIENTED_EDGE('',*,*,#1598,.F.);
#2105=ORIENTED_EDGE('',*,*,#1599,.F.);
#2106=ORIENTED_EDGE('',*,*,#1600,.F.);
#2107=ORIENTED_EDGE('',*,*,#1601,.T.);
#2108=ORIENTED_EDGE('',*,*,#1599,.T.);
#2109=ORIENTED_EDGE('',*,*,#1601,.F.);
#2110=ORIENTED_EDGE('',*,*,#1602,.T.);
#2111=ORIENTED_EDGE('',*,*,#1603,.T.);
#2112=ORIENTED_EDGE('',*,*,#1592,.T.);
#2113=ORIENTED_EDGE('',*,*,#1604,.T.);
#2114=ORIENTED_EDGE('',*,*,#1600,.T.);
#2115=ORIENTED_EDGE('',*,*,#1605,.F.);
#2116=ORIENTED_EDGE('',*,*,#1462,.T.);
#2117=ORIENTED_EDGE('',*,*,#1458,.T.);
#2118=ORIENTED_EDGE('',*,*,#1606,.F.);
#2119=ORIENTED_EDGE('',*,*,#1607,.F.);
#2120=ORIENTED_EDGE('',*,*,#1415,.F.);
#2121=ORIENTED_EDGE('',*,*,#1383,.F.);
#2122=ORIENTED_EDGE('',*,*,#1608,.T.);
#2123=ORIENTED_EDGE('',*,*,#1609,.T.);
#2124=ORIENTED_EDGE('',*,*,#1610,.F.);
#2125=ORIENTED_EDGE('',*,*,#1611,.T.);
#2126=ORIENTED_EDGE('',*,*,#1612,.F.);
#2127=ORIENTED_EDGE('',*,*,#1613,.T.);
#2128=ORIENTED_EDGE('',*,*,#1547,.T.);
#2129=ORIENTED_EDGE('',*,*,#1551,.T.);
#2130=ORIENTED_EDGE('',*,*,#1554,.T.);
#2131=ORIENTED_EDGE('',*,*,#1557,.T.);
#2132=ORIENTED_EDGE('',*,*,#1560,.T.);
#2133=ORIENTED_EDGE('',*,*,#1569,.T.);
#2134=ORIENTED_EDGE('',*,*,#1614,.T.);
#2135=ORIENTED_EDGE('',*,*,#1523,.T.);
#2136=ORIENTED_EDGE('',*,*,#1575,.T.);
#2137=ORIENTED_EDGE('',*,*,#1561,.T.);
#2138=ORIENTED_EDGE('',*,*,#1615,.T.);
#2139=ORIENTED_EDGE('',*,*,#1616,.T.);
#2140=ORIENTED_EDGE('',*,*,#1617,.T.);
#2141=ORIENTED_EDGE('',*,*,#1612,.T.);
#2142=ORIENTED_EDGE('',*,*,#1618,.F.);
#2143=ORIENTED_EDGE('',*,*,#1619,.T.);
#2144=ORIENTED_EDGE('',*,*,#1607,.T.);
#2145=ORIENTED_EDGE('',*,*,#1620,.T.);
#2146=ORIENTED_EDGE('',*,*,#1460,.F.);
#2147=ORIENTED_EDGE('',*,*,#1464,.T.);
#2148=ORIENTED_EDGE('',*,*,#1440,.T.);
#2149=ORIENTED_EDGE('',*,*,#1416,.F.);
#2150=ORIENTED_EDGE('',*,*,#1621,.T.);
#2151=ORIENTED_EDGE('',*,*,#1516,.F.);
#2152=ORIENTED_EDGE('',*,*,#1513,.F.);
#2153=ORIENTED_EDGE('',*,*,#1510,.F.);
#2154=ORIENTED_EDGE('',*,*,#1507,.F.);
#2155=ORIENTED_EDGE('',*,*,#1503,.F.);
#2156=ORIENTED_EDGE('',*,*,#1573,.F.);
#2157=ORIENTED_EDGE('',*,*,#1570,.F.);
#2158=ORIENTED_EDGE('',*,*,#1520,.F.);
#2159=ORIENTED_EDGE('',*,*,#1502,.F.);
#2160=ORIENTED_EDGE('',*,*,#1606,.T.);
#2161=ORIENTED_EDGE('',*,*,#1457,.T.);
#2162=ORIENTED_EDGE('',*,*,#1454,.T.);
#2163=ORIENTED_EDGE('',*,*,#1451,.T.);
#2164=ORIENTED_EDGE('',*,*,#1448,.T.);
#2165=ORIENTED_EDGE('',*,*,#1445,.T.);
#2166=ORIENTED_EDGE('',*,*,#1461,.T.);
#2167=ORIENTED_EDGE('',*,*,#1620,.F.);
#2168=ORIENTED_EDGE('',*,*,#1622,.T.);
#2169=ORIENTED_EDGE('',*,*,#1618,.T.);
#2170=ORIENTED_EDGE('',*,*,#1611,.F.);
#2171=ORIENTED_EDGE('',*,*,#1623,.T.);
#2172=ORIENTED_EDGE('',*,*,#1624,.F.);
#2173=ORIENTED_EDGE('',*,*,#1625,.T.);
#2174=ORIENTED_EDGE('',*,*,#1626,.F.);
#2175=ORIENTED_EDGE('',*,*,#1627,.T.);
#2176=ORIENTED_EDGE('',*,*,#1608,.F.);
#2177=ORIENTED_EDGE('',*,*,#1568,.F.);
#2178=ORIENTED_EDGE('',*,*,#1628,.F.);
#2179=ORIENTED_EDGE('',*,*,#1623,.F.);
#2180=ORIENTED_EDGE('',*,*,#1610,.T.);
#2181=ORIENTED_EDGE('',*,*,#1629,.T.);
#2182=ORIENTED_EDGE('',*,*,#1630,.T.);
#2183=ORIENTED_EDGE('',*,*,#1627,.F.);
#2184=ORIENTED_EDGE('',*,*,#1631,.T.);
#2185=ORIENTED_EDGE('',*,*,#1629,.F.);
#2186=ORIENTED_EDGE('',*,*,#1609,.F.);
#2187=ORIENTED_EDGE('',*,*,#1576,.F.);
#2188=ORIENTED_EDGE('',*,*,#1517,.T.);
#2189=ORIENTED_EDGE('',*,*,#1621,.F.);
#2190=ORIENTED_EDGE('',*,*,#1501,.T.);
#2191=ORIENTED_EDGE('',*,*,#1632,.T.);
#2192=ORIENTED_EDGE('',*,*,#1619,.F.);
#2193=ORIENTED_EDGE('',*,*,#1622,.F.);
#2194=ORIENTED_EDGE('',*,*,#1633,.F.);
#2195=ORIENTED_EDGE('',*,*,#1500,.T.);
#2196=ORIENTED_EDGE('',*,*,#1519,.F.);
#2197=ORIENTED_EDGE('',*,*,#1614,.F.);
#2198=ORIENTED_EDGE('',*,*,#1632,.F.);
#2199=ORIENTED_EDGE('',*,*,#1429,.T.);
#2200=ORIENTED_EDGE('',*,*,#1634,.T.);
#2201=ORIENTED_EDGE('',*,*,#1635,.T.);
#2202=ORIENTED_EDGE('',*,*,#1636,.T.);
#2203=ORIENTED_EDGE('',*,*,#1430,.F.);
#2204=ORIENTED_EDGE('',*,*,#1636,.F.);
#2205=ORIENTED_EDGE('',*,*,#1637,.T.);
#2206=ORIENTED_EDGE('',*,*,#1638,.F.);
#2207=ORIENTED_EDGE('',*,*,#1639,.F.);
#2208=ORIENTED_EDGE('',*,*,#1584,.T.);
#2209=ORIENTED_EDGE('',*,*,#1640,.F.);
#2210=ORIENTED_EDGE('',*,*,#1641,.F.);
#2211=ORIENTED_EDGE('',*,*,#1642,.T.);
#2212=ORIENTED_EDGE('',*,*,#1643,.T.);
#2213=ORIENTED_EDGE('',*,*,#1644,.F.);
#2214=ORIENTED_EDGE('',*,*,#1645,.F.);
#2215=ORIENTED_EDGE('',*,*,#1367,.F.);
#2216=ORIENTED_EDGE('',*,*,#1646,.T.);
#2217=ORIENTED_EDGE('',*,*,#1647,.F.);
#2218=ORIENTED_EDGE('',*,*,#1648,.F.);
#2219=ORIENTED_EDGE('',*,*,#1647,.T.);
#2220=ORIENTED_EDGE('',*,*,#1649,.T.);
#2221=ORIENTED_EDGE('',*,*,#1650,.F.);
#2222=ORIENTED_EDGE('',*,*,#1642,.F.);
#2223=ORIENTED_EDGE('',*,*,#1651,.F.);
#2224=ORIENTED_EDGE('',*,*,#1407,.T.);
#2225=ORIENTED_EDGE('',*,*,#1652,.F.);
#2226=ORIENTED_EDGE('',*,*,#1650,.T.);
#2227=ORIENTED_EDGE('',*,*,#1653,.T.);
#2228=ORIENTED_EDGE('',*,*,#1394,.T.);
#2229=ORIENTED_EDGE('',*,*,#1391,.T.);
#2230=ORIENTED_EDGE('',*,*,#1388,.T.);
#2231=ORIENTED_EDGE('',*,*,#1384,.T.);
#2232=ORIENTED_EDGE('',*,*,#1414,.F.);
#2233=ORIENTED_EDGE('',*,*,#1372,.T.);
#2234=ORIENTED_EDGE('',*,*,#1654,.F.);
#2235=ORIENTED_EDGE('',*,*,#1381,.T.);
#2236=ORIENTED_EDGE('',*,*,#1376,.T.);
#2237=ORIENTED_EDGE('',*,*,#1373,.T.);
#2238=ORIENTED_EDGE('',*,*,#1413,.T.);
#2239=ORIENTED_EDGE('',*,*,#1410,.T.);
#2240=ORIENTED_EDGE('',*,*,#1655,.F.);
#2241=ORIENTED_EDGE('',*,*,#1643,.F.);
#2242=ORIENTED_EDGE('',*,*,#1652,.T.);
#2243=ORIENTED_EDGE('',*,*,#1406,.T.);
#2244=ORIENTED_EDGE('',*,*,#1403,.T.);
#2245=ORIENTED_EDGE('',*,*,#1398,.T.);
#2246=ORIENTED_EDGE('',*,*,#1395,.T.);
#2247=ORIENTED_EDGE('',*,*,#1656,.F.);
#2248=ORIENTED_EDGE('',*,*,#1657,.T.);
#2249=ORIENTED_EDGE('',*,*,#1658,.F.);
#2250=ORIENTED_EDGE('',*,*,#1657,.F.);
#2251=ORIENTED_EDGE('',*,*,#1400,.F.);
#2252=ORIENTED_EDGE('',*,*,#1378,.F.);
#2253=ORIENTED_EDGE('',*,*,#1397,.F.);
#2254=ORIENTED_EDGE('',*,*,#1375,.F.);
#2255=ORIENTED_EDGE('',*,*,#1659,.T.);
#2256=ORIENTED_EDGE('',*,*,#1660,.F.);
#2257=ORIENTED_EDGE('',*,*,#1425,.F.);
#2258=ORIENTED_EDGE('',*,*,#1661,.T.);
#2259=ORIENTED_EDGE('',*,*,#1662,.T.);
#2260=ORIENTED_EDGE('',*,*,#1663,.T.);
#2261=ORIENTED_EDGE('',*,*,#1664,.F.);
#2262=ORIENTED_EDGE('',*,*,#1665,.T.);
#2263=ORIENTED_EDGE('',*,*,#1666,.T.);
#2264=ORIENTED_EDGE('',*,*,#1665,.F.);
#2265=ORIENTED_EDGE('',*,*,#1667,.F.);
#2266=ORIENTED_EDGE('',*,*,#1668,.T.);
#2267=ORIENTED_EDGE('',*,*,#1669,.T.);
#2268=ORIENTED_EDGE('',*,*,#1670,.T.);
#2269=ORIENTED_EDGE('',*,*,#1668,.F.);
#2270=ORIENTED_EDGE('',*,*,#1671,.F.);
#2271=ORIENTED_EDGE('',*,*,#1672,.T.);
#2272=ORIENTED_EDGE('',*,*,#1661,.F.);
#2273=ORIENTED_EDGE('',*,*,#1427,.F.);
#2274=ORIENTED_EDGE('',*,*,#1422,.T.);
#2275=ORIENTED_EDGE('',*,*,#1420,.T.);
#2276=ORIENTED_EDGE('',*,*,#1673,.F.);
#2277=ORIENTED_EDGE('',*,*,#1674,.F.);
#2278=ORIENTED_EDGE('',*,*,#1675,.T.);
#2279=ORIENTED_EDGE('',*,*,#1662,.F.);
#2280=ORIENTED_EDGE('',*,*,#1666,.F.);
#2281=ORIENTED_EDGE('',*,*,#1670,.F.);
#2282=ORIENTED_EDGE('',*,*,#1641,.T.);
#2283=ORIENTED_EDGE('',*,*,#1676,.F.);
#2284=ORIENTED_EDGE('',*,*,#1677,.F.);
#2285=ORIENTED_EDGE('',*,*,#1678,.F.);
#2286=ORIENTED_EDGE('',*,*,#1679,.F.);
#2287=ORIENTED_EDGE('',*,*,#1370,.T.);
#2288=ORIENTED_EDGE('',*,*,#1442,.T.);
#2289=ORIENTED_EDGE('',*,*,#1463,.T.);
#2290=ORIENTED_EDGE('',*,*,#1605,.T.);
#2291=ORIENTED_EDGE('',*,*,#1386,.T.);
#2292=ORIENTED_EDGE('',*,*,#1387,.T.);
#2293=ORIENTED_EDGE('',*,*,#1390,.T.);
#2294=ORIENTED_EDGE('',*,*,#1393,.T.);
#2295=ORIENTED_EDGE('',*,*,#1379,.T.);
#2296=ORIENTED_EDGE('',*,*,#1680,.F.);
#2297=ORIENTED_EDGE('',*,*,#1408,.T.);
#2298=ORIENTED_EDGE('',*,*,#1412,.T.);
#2299=ORIENTED_EDGE('',*,*,#1401,.T.);
#2300=ORIENTED_EDGE('',*,*,#1405,.T.);
#2301=ORIENTED_EDGE('',*,*,#1653,.F.);
#2302=ORIENTED_EDGE('',*,*,#1649,.F.);
#2303=ORIENTED_EDGE('',*,*,#1646,.F.);
#2304=ORIENTED_EDGE('',*,*,#1366,.F.);
#2305=ORIENTED_EDGE('',*,*,#1363,.F.);
#2306=ORIENTED_EDGE('',*,*,#1360,.F.);
#2307=ORIENTED_EDGE('',*,*,#1356,.T.);
#2308=ORIENTED_EDGE('',*,*,#1681,.T.);
#2309=ORIENTED_EDGE('',*,*,#1682,.T.);
#2310=ORIENTED_EDGE('',*,*,#1683,.F.);
#2311=ORIENTED_EDGE('',*,*,#1673,.T.);
#2312=ORIENTED_EDGE('',*,*,#1419,.T.);
#2313=ORIENTED_EDGE('',*,*,#1497,.T.);
#2314=ORIENTED_EDGE('',*,*,#1468,.T.);
#2315=ORIENTED_EDGE('',*,*,#1498,.T.);
#2316=ORIENTED_EDGE('',*,*,#1495,.T.);
#2317=ORIENTED_EDGE('',*,*,#1684,.T.);
#2318=ORIENTED_EDGE('',*,*,#1685,.F.);
#2319=ORIENTED_EDGE('',*,*,#1663,.F.);
#2320=ORIENTED_EDGE('',*,*,#1675,.F.);
#2321=ORIENTED_EDGE('',*,*,#1674,.T.);
#2322=ORIENTED_EDGE('',*,*,#1683,.T.);
#2323=ORIENTED_EDGE('',*,*,#1686,.T.);
#2324=ORIENTED_EDGE('',*,*,#1684,.F.);
#2325=ORIENTED_EDGE('',*,*,#1637,.F.);
#2326=ORIENTED_EDGE('',*,*,#1635,.F.);
#2327=ORIENTED_EDGE('',*,*,#1687,.T.);
#2328=ORIENTED_EDGE('',*,*,#1688,.F.);
#2329=ORIENTED_EDGE('',*,*,#1658,.T.);
#2330=ORIENTED_EDGE('',*,*,#1687,.F.);
#2331=ORIENTED_EDGE('',*,*,#1634,.F.);
#2332=ORIENTED_EDGE('',*,*,#1428,.T.);
#2333=ORIENTED_EDGE('',*,*,#1689,.F.);
#2334=ORIENTED_EDGE('',*,*,#1644,.T.);
#2335=ORIENTED_EDGE('',*,*,#1655,.T.);
#2336=ORIENTED_EDGE('',*,*,#1409,.T.);
#2337=ORIENTED_EDGE('',*,*,#1680,.T.);
#2338=ORIENTED_EDGE('',*,*,#1382,.T.);
#2339=ORIENTED_EDGE('',*,*,#1654,.T.);
#2340=ORIENTED_EDGE('',*,*,#1371,.T.);
#2341=ORIENTED_EDGE('',*,*,#1679,.T.);
#2342=ORIENTED_EDGE('',*,*,#1690,.F.);
#2343=ORIENTED_EDGE('',*,*,#1691,.T.);
#2344=ORIENTED_EDGE('',*,*,#1692,.F.);
#2345=ORIENTED_EDGE('',*,*,#1656,.T.);
#2346=ORIENTED_EDGE('',*,*,#1693,.T.);
#2347=ORIENTED_EDGE('',*,*,#1690,.T.);
#2348=ORIENTED_EDGE('',*,*,#1678,.T.);
#2349=ORIENTED_EDGE('',*,*,#1694,.T.);
#2350=ORIENTED_EDGE('',*,*,#1694,.F.);
#2351=ORIENTED_EDGE('',*,*,#1677,.T.);
#2352=ORIENTED_EDGE('',*,*,#1695,.F.);
#2353=ORIENTED_EDGE('',*,*,#1696,.F.);
#2354=ORIENTED_EDGE('',*,*,#1697,.F.);
#2355=ORIENTED_EDGE('',*,*,#1695,.T.);
#2356=ORIENTED_EDGE('',*,*,#1676,.T.);
#2357=ORIENTED_EDGE('',*,*,#1640,.T.);
#2358=ORIENTED_EDGE('',*,*,#1583,.T.);
#2359=ORIENTED_EDGE('',*,*,#1698,.F.);
#2360=ORIENTED_EDGE('',*,*,#1699,.F.);
#2361=ORIENTED_EDGE('',*,*,#1698,.T.);
#2362=ORIENTED_EDGE('',*,*,#1582,.T.);
#2363=ORIENTED_EDGE('',*,*,#1700,.T.);
#2364=ORIENTED_EDGE('',*,*,#1701,.T.);
#2365=ORIENTED_EDGE('',*,*,#1702,.F.);
#2366=ORIENTED_EDGE('',*,*,#1703,.T.);
#2367=ORIENTED_EDGE('',*,*,#1700,.F.);
#2368=ORIENTED_EDGE('',*,*,#1581,.F.);
#2369=ORIENTED_EDGE('',*,*,#1704,.F.);
#2370=ORIENTED_EDGE('',*,*,#1704,.T.);
#2371=ORIENTED_EDGE('',*,*,#1580,.F.);
#2372=ORIENTED_EDGE('',*,*,#1589,.F.);
#2373=ORIENTED_EDGE('',*,*,#1590,.F.);
#2374=ORIENTED_EDGE('',*,*,#1593,.F.);
#2375=ORIENTED_EDGE('',*,*,#1603,.F.);
#2376=ORIENTED_EDGE('',*,*,#1705,.T.);
#2377=ORIENTED_EDGE('',*,*,#1706,.F.);
#2378=ORIENTED_EDGE('',*,*,#1707,.F.);
#2379=ORIENTED_EDGE('',*,*,#1708,.F.);
#2380=ORIENTED_EDGE('',*,*,#1604,.F.);
#2381=ORIENTED_EDGE('',*,*,#1595,.F.);
#2382=ORIENTED_EDGE('',*,*,#1596,.F.);
#2383=ORIENTED_EDGE('',*,*,#1586,.T.);
#2384=ORIENTED_EDGE('',*,*,#1578,.T.);
#2385=ORIENTED_EDGE('',*,*,#1639,.T.);
#2386=ORIENTED_EDGE('',*,*,#1681,.F.);
#2387=ORIENTED_EDGE('',*,*,#1355,.T.);
#2388=ORIENTED_EDGE('',*,*,#1709,.T.);
#2389=ORIENTED_EDGE('',*,*,#1624,.T.);
#2390=ORIENTED_EDGE('',*,*,#1630,.F.);
#2391=ORIENTED_EDGE('',*,*,#1631,.F.);
#2392=ORIENTED_EDGE('',*,*,#1628,.T.);
#2393=ORIENTED_EDGE('',*,*,#1567,.F.);
#2394=ORIENTED_EDGE('',*,*,#1558,.F.);
#2395=ORIENTED_EDGE('',*,*,#1555,.F.);
#2396=ORIENTED_EDGE('',*,*,#1552,.F.);
#2397=ORIENTED_EDGE('',*,*,#1549,.F.);
#2398=ORIENTED_EDGE('',*,*,#1545,.F.);
#2399=ORIENTED_EDGE('',*,*,#1710,.F.);
#2400=ORIENTED_EDGE('',*,*,#1711,.T.);
#2401=ORIENTED_EDGE('',*,*,#1712,.F.);
#2402=ORIENTED_EDGE('',*,*,#1705,.F.);
#2403=ORIENTED_EDGE('',*,*,#1602,.F.);
#2404=ORIENTED_EDGE('',*,*,#1708,.T.);
#2405=ORIENTED_EDGE('',*,*,#1713,.F.);
#2406=ORIENTED_EDGE('',*,*,#1714,.T.);
#2407=ORIENTED_EDGE('',*,*,#1710,.T.);
#2408=ORIENTED_EDGE('',*,*,#1548,.T.);
#2409=ORIENTED_EDGE('',*,*,#1613,.F.);
#2410=ORIENTED_EDGE('',*,*,#1617,.F.);
#2411=ORIENTED_EDGE('',*,*,#1715,.T.);
#2412=ORIENTED_EDGE('',*,*,#1715,.F.);
#2413=ORIENTED_EDGE('',*,*,#1616,.F.);
#2414=ORIENTED_EDGE('',*,*,#1716,.F.);
#2415=ORIENTED_EDGE('',*,*,#1540,.T.);
#2416=ORIENTED_EDGE('',*,*,#1532,.T.);
#2417=ORIENTED_EDGE('',*,*,#1542,.F.);
#2418=ORIENTED_EDGE('',*,*,#1717,.T.);
#2419=ORIENTED_EDGE('',*,*,#1718,.T.);
#2420=ORIENTED_EDGE('',*,*,#1719,.F.);
#2421=ORIENTED_EDGE('',*,*,#1720,.F.);
#2422=ORIENTED_EDGE('',*,*,#1721,.T.);
#2423=ORIENTED_EDGE('',*,*,#1717,.F.);
#2424=ORIENTED_EDGE('',*,*,#1541,.F.);
#2425=ORIENTED_EDGE('',*,*,#1544,.T.);
#2426=ORIENTED_EDGE('',*,*,#1536,.T.);
#2427=ORIENTED_EDGE('',*,*,#1539,.T.);
#2428=ORIENTED_EDGE('',*,*,#1716,.T.);
#2429=ORIENTED_EDGE('',*,*,#1615,.F.);
#2430=ORIENTED_EDGE('',*,*,#1564,.T.);
#2431=ORIENTED_EDGE('',*,*,#1565,.T.);
#2432=ORIENTED_EDGE('',*,*,#1437,.T.);
#2433=ORIENTED_EDGE('',*,*,#1526,.T.);
#2434=ORIENTED_EDGE('',*,*,#1527,.T.);
#2435=ORIENTED_EDGE('',*,*,#1722,.T.);
#2436=ORIENTED_EDGE('',*,*,#1671,.T.);
#2437=ORIENTED_EDGE('',*,*,#1667,.T.);
#2438=ORIENTED_EDGE('',*,*,#1664,.T.);
#2439=ORIENTED_EDGE('',*,*,#1685,.T.);
#2440=ORIENTED_EDGE('',*,*,#1686,.F.);
#2441=ORIENTED_EDGE('',*,*,#1682,.F.);
#2442=ORIENTED_EDGE('',*,*,#1418,.F.);
#2443=ORIENTED_EDGE('',*,*,#1424,.F.);
#2444=ORIENTED_EDGE('',*,*,#1426,.F.);
#2445=ORIENTED_EDGE('',*,*,#1660,.T.);
#2446=ORIENTED_EDGE('',*,*,#1672,.F.);
#2447=ORIENTED_EDGE('',*,*,#1669,.F.);
#2448=ORIENTED_EDGE('',*,*,#1722,.F.);
#2449=ORIENTED_EDGE('',*,*,#1659,.F.);
#2450=ORIENTED_EDGE('',*,*,#1693,.F.);
#2451=ORIENTED_EDGE('',*,*,#1697,.T.);
#2452=ORIENTED_EDGE('',*,*,#1723,.F.);
#2453=ORIENTED_EDGE('',*,*,#1691,.F.);
#2454=ORIENTED_EDGE('',*,*,#1703,.F.);
#2455=ORIENTED_EDGE('',*,*,#1707,.T.);
#2456=ORIENTED_EDGE('',*,*,#1724,.F.);
#2457=ORIENTED_EDGE('',*,*,#1701,.F.);
#2458=ORIENTED_EDGE('',*,*,#1714,.F.);
#2459=ORIENTED_EDGE('',*,*,#1720,.T.);
#2460=ORIENTED_EDGE('',*,*,#1725,.F.);
#2461=ORIENTED_EDGE('',*,*,#1711,.F.);
#2462=ORIENTED_EDGE('',*,*,#1721,.F.);
#2463=ORIENTED_EDGE('',*,*,#1530,.T.);
#2464=ORIENTED_EDGE('',*,*,#1726,.F.);
#2465=ORIENTED_EDGE('',*,*,#1718,.F.);
#2466=ORIENTED_EDGE('',*,*,#1709,.F.);
#2467=ORIENTED_EDGE('',*,*,#1359,.T.);
#2468=ORIENTED_EDGE('',*,*,#1727,.F.);
#2469=ORIENTED_EDGE('',*,*,#1625,.F.);
#2470=ORIENTED_EDGE('',*,*,#1689,.T.);
#2471=ORIENTED_EDGE('',*,*,#1431,.T.);
#2472=ORIENTED_EDGE('',*,*,#1638,.T.);
#2473=ORIENTED_EDGE('',*,*,#1688,.T.);
#2474=ORIENTED_EDGE('',*,*,#1362,.T.);
#2475=ORIENTED_EDGE('',*,*,#1365,.T.);
#2476=ORIENTED_EDGE('',*,*,#1368,.T.);
#2477=ORIENTED_EDGE('',*,*,#1648,.T.);
#2478=ORIENTED_EDGE('',*,*,#1651,.T.);
#2479=ORIENTED_EDGE('',*,*,#1645,.T.);
#2480=ORIENTED_EDGE('',*,*,#1692,.T.);
#2481=ORIENTED_EDGE('',*,*,#1723,.T.);
#2482=ORIENTED_EDGE('',*,*,#1696,.T.);
#2483=ORIENTED_EDGE('',*,*,#1699,.T.);
#2484=ORIENTED_EDGE('',*,*,#1702,.T.);
#2485=ORIENTED_EDGE('',*,*,#1724,.T.);
#2486=ORIENTED_EDGE('',*,*,#1706,.T.);
#2487=ORIENTED_EDGE('',*,*,#1713,.T.);
#2488=ORIENTED_EDGE('',*,*,#1712,.T.);
#2489=ORIENTED_EDGE('',*,*,#1725,.T.);
#2490=ORIENTED_EDGE('',*,*,#1719,.T.);
#2491=ORIENTED_EDGE('',*,*,#1726,.T.);
#2492=ORIENTED_EDGE('',*,*,#1529,.T.);
#2493=ORIENTED_EDGE('',*,*,#1577,.T.);
#2494=ORIENTED_EDGE('',*,*,#1633,.T.);
#2495=ORIENTED_EDGE('',*,*,#1626,.T.);
#2496=ORIENTED_EDGE('',*,*,#1727,.T.);
#2497=ORIENTED_EDGE('',*,*,#1358,.T.);
#2498=PLANE('',#2790);
#2499=PLANE('',#2794);
#2500=PLANE('',#2795);
#2501=PLANE('',#2799);
#2502=PLANE('',#2800);
#2503=PLANE('',#2804);
#2504=PLANE('',#2805);
#2505=PLANE('',#2809);
#2506=PLANE('',#2810);
#2507=PLANE('',#2811);
#2508=PLANE('',#2812);
#2509=PLANE('',#2813);
#2510=PLANE('',#2814);
#2511=PLANE('',#2821);
#2512=PLANE('',#2822);
#2513=PLANE('',#2823);
#2514=PLANE('',#2824);
#2515=PLANE('',#2825);
#2516=PLANE('',#2832);
#2517=PLANE('',#2833);
#2518=PLANE('',#2834);
#2519=PLANE('',#2835);
#2520=PLANE('',#2836);
#2521=PLANE('',#2840);
#2522=PLANE('',#2841);
#2523=PLANE('',#2842);
#2524=PLANE('',#2843);
#2525=PLANE('',#2844);
#2526=PLANE('',#2848);
#2527=PLANE('',#2849);
#2528=PLANE('',#2850);
#2529=PLANE('',#2851);
#2530=PLANE('',#2852);
#2531=PLANE('',#2853);
#2532=PLANE('',#2855);
#2533=PLANE('',#2856);
#2534=PLANE('',#2859);
#2535=PLANE('',#2860);
#2536=PLANE('',#2861);
#2537=PLANE('',#2862);
#2538=PLANE('',#2863);
#2539=PLANE('',#2864);
#2540=PLANE('',#2865);
#2541=PLANE('',#2866);
#2542=PLANE('',#2867);
#2543=PLANE('',#2871);
#2544=PLANE('',#2875);
#2545=PLANE('',#2876);
#2546=PLANE('',#2877);
#2547=PLANE('',#2878);
#2548=PLANE('',#2879);
#2549=PLANE('',#2880);
#2550=PLANE('',#2882);
#2551=PLANE('',#2883);
#2552=PLANE('',#2884);
#2553=PLANE('',#2887);
#2554=PLANE('',#2888);
#2555=PLANE('',#2889);
#2556=PLANE('',#2890);
#2557=PLANE('',#2891);
#2558=PLANE('',#2892);
#2559=PLANE('',#2893);
#2560=PLANE('',#2894);
#2561=PLANE('',#2898);
#2562=PLANE('',#2899);
#2563=PLANE('',#2900);
#2564=PLANE('',#2902);
#2565=PLANE('',#2903);
#2566=PLANE('',#2904);
#2567=PLANE('',#2905);
#2568=PLANE('',#2906);
#2569=PLANE('',#2909);
#2570=PLANE('',#2913);
#2571=PLANE('',#2914);
#2572=PLANE('',#2915);
#2573=PLANE('',#2916);
#2574=PLANE('',#2917);
#2575=PLANE('',#2918);
#2576=PLANE('',#2919);
#2577=PLANE('',#2920);
#2578=PLANE('',#2921);
#2579=PLANE('',#2922);
#2580=PLANE('',#2923);
#2581=PLANE('',#2924);
#2582=PLANE('',#2925);
#2583=PLANE('',#2926);
#2584=PLANE('',#2927);
#2585=PLANE('',#2928);
#2586=PLANE('',#2929);
#2587=PLANE('',#2930);
#2588=PLANE('',#2931);
#2589=PLANE('',#2932);
#2590=PLANE('',#2933);
#2591=PLANE('',#2934);
#2592=PLANE('',#2938);
#2593=PLANE('',#2939);
#2594=PLANE('',#2940);
#2595=PLANE('',#2941);
#2596=PLANE('',#2942);
#2597=PLANE('',#2943);
#2598=PLANE('',#2944);
#2599=PLANE('',#2945);
#2600=PLANE('',#2946);
#2601=PLANE('',#2948);
#2602=PLANE('',#2949);
#2603=PLANE('',#2952);
#2604=PLANE('',#2953);
#2605=PLANE('',#2954);
#2606=PLANE('',#2955);
#2607=PLANE('',#2956);
#2608=PLANE('',#2957);
#2609=PLANE('',#2958);
#2610=PLANE('',#2959);
#2611=PLANE('',#2960);
#2612=PLANE('',#2961);
#2613=PLANE('',#2962);
#2614=PLANE('',#2963);
#2615=PLANE('',#2964);
#2616=PLANE('',#2965);
#2617=PLANE('',#2966);
#2618=PLANE('',#2967);
#2619=PLANE('',#2968);
#2620=PLANE('',#2969);
#2621=PLANE('',#2970);
#2622=PLANE('',#2971);
#2623=PLANE('',#2972);
#2624=PLANE('',#2973);
#2625=ADVANCED_FACE('',(#744),#2498,.F.);
#2626=ADVANCED_FACE('',(#745),#725,.F.);
#2627=ADVANCED_FACE('',(#746),#2499,.T.);
#2628=ADVANCED_FACE('',(#747),#2500,.F.);
#2629=ADVANCED_FACE('',(#748),#726,.F.);
#2630=ADVANCED_FACE('',(#749),#2501,.T.);
#2631=ADVANCED_FACE('',(#750),#2502,.T.);
#2632=ADVANCED_FACE('',(#751),#727,.F.);
#2633=ADVANCED_FACE('',(#752),#2503,.F.);
#2634=ADVANCED_FACE('',(#753),#2504,.F.);
#2635=ADVANCED_FACE('',(#754),#728,.F.);
#2636=ADVANCED_FACE('',(#755),#2505,.T.);
#2637=ADVANCED_FACE('',(#756),#2506,.T.);
#2638=ADVANCED_FACE('',(#757),#2507,.F.);
#2639=ADVANCED_FACE('',(#758),#2508,.F.);
#2640=ADVANCED_FACE('',(#759),#2509,.F.);
#2641=ADVANCED_FACE('',(#760),#2510,.T.);
#2642=ADVANCED_FACE('',(#761),#729,.F.);
#2643=ADVANCED_FACE('',(#762),#730,.F.);
#2644=ADVANCED_FACE('',(#763),#2511,.T.);
#2645=ADVANCED_FACE('',(#764),#2512,.T.);
#2646=ADVANCED_FACE('',(#765),#2513,.T.);
#2647=ADVANCED_FACE('',(#766),#2514,.T.);
#2648=ADVANCED_FACE('',(#767),#2515,.T.);
#2649=ADVANCED_FACE('',(#768),#731,.F.);
#2650=ADVANCED_FACE('',(#769),#732,.F.);
#2651=ADVANCED_FACE('',(#770),#2516,.T.);
#2652=ADVANCED_FACE('',(#771),#2517,.T.);
#2653=ADVANCED_FACE('',(#772),#2518,.T.);
#2654=ADVANCED_FACE('',(#773),#2519,.T.);
#2655=ADVANCED_FACE('',(#774),#2520,.T.);
#2656=ADVANCED_FACE('',(#775),#733,.F.);
#2657=ADVANCED_FACE('',(#776),#2521,.T.);
#2658=ADVANCED_FACE('',(#777),#2522,.T.);
#2659=ADVANCED_FACE('',(#778,#14,#15),#2523,.T.);
#2660=ADVANCED_FACE('',(#779),#2524,.T.);
#2661=ADVANCED_FACE('',(#780),#2525,.T.);
#2662=ADVANCED_FACE('',(#781),#734,.T.);
#2663=ADVANCED_FACE('',(#782),#2526,.T.);
#2664=ADVANCED_FACE('',(#783),#2527,.T.);
#2665=ADVANCED_FACE('',(#784),#2528,.T.);
#2666=ADVANCED_FACE('',(#785),#2529,.T.);
#2667=ADVANCED_FACE('',(#786),#2530,.T.);
#2668=ADVANCED_FACE('',(#787),#2531,.F.);
#2669=ADVANCED_FACE('',(#788),#2532,.T.);
#2670=ADVANCED_FACE('',(#789),#2533,.T.);
#2671=ADVANCED_FACE('',(#790),#735,.T.);
#2672=ADVANCED_FACE('',(#791),#2534,.T.);
#2673=ADVANCED_FACE('',(#792),#2535,.T.);
#2674=ADVANCED_FACE('',(#793),#2536,.T.);
#2675=ADVANCED_FACE('',(#794),#2537,.T.);
#2676=ADVANCED_FACE('',(#795),#2538,.T.);
#2677=ADVANCED_FACE('',(#796),#2539,.T.);
#2678=ADVANCED_FACE('',(#797),#2540,.T.);
#2679=ADVANCED_FACE('',(#798),#2541,.T.);
#2680=ADVANCED_FACE('',(#799),#2542,.T.);
#2681=ADVANCED_FACE('',(#800),#736,.T.);
#2682=ADVANCED_FACE('',(#801),#2543,.T.);
#2683=ADVANCED_FACE('',(#802),#737,.T.);
#2684=ADVANCED_FACE('',(#803),#2544,.T.);
#2685=ADVANCED_FACE('',(#804),#2545,.T.);
#2686=ADVANCED_FACE('',(#805),#2546,.T.);
#2687=ADVANCED_FACE('',(#806),#2547,.T.);
#2688=ADVANCED_FACE('',(#807),#2548,.T.);
#2689=ADVANCED_FACE('',(#808),#2549,.T.);
#2690=ADVANCED_FACE('',(#809),#2550,.T.);
#2691=ADVANCED_FACE('',(#810),#2551,.T.);
#2692=ADVANCED_FACE('',(#811),#2552,.T.);
#2693=ADVANCED_FACE('',(#812),#738,.T.);
#2694=ADVANCED_FACE('',(#813),#2553,.T.);
#2695=ADVANCED_FACE('',(#814),#2554,.T.);
#2696=ADVANCED_FACE('',(#815),#2555,.T.);
#2697=ADVANCED_FACE('',(#816),#2556,.T.);
#2698=ADVANCED_FACE('',(#817),#2557,.T.);
#2699=ADVANCED_FACE('',(#818),#2558,.T.);
#2700=ADVANCED_FACE('',(#819),#2559,.T.);
#2701=ADVANCED_FACE('',(#820),#2560,.T.);
#2702=ADVANCED_FACE('',(#821),#739,.T.);
#2703=ADVANCED_FACE('',(#822),#2561,.T.);
#2704=ADVANCED_FACE('',(#823),#2562,.T.);
#2705=ADVANCED_FACE('',(#824,#16),#2563,.F.);
#2706=ADVANCED_FACE('',(#825),#2564,.T.);
#2707=ADVANCED_FACE('',(#826),#2565,.T.);
#2708=ADVANCED_FACE('',(#827),#2566,.T.);
#2709=ADVANCED_FACE('',(#828),#2567,.T.);
#2710=ADVANCED_FACE('',(#829),#2568,.T.);
#2711=ADVANCED_FACE('',(#830),#740,.F.);
#2712=ADVANCED_FACE('',(#831),#2569,.T.);
#2713=ADVANCED_FACE('',(#832),#741,.F.);
#2714=ADVANCED_FACE('',(#833,#17),#2570,.F.);
#2715=ADVANCED_FACE('',(#834),#2571,.T.);
#2716=ADVANCED_FACE('',(#835),#2572,.T.);
#2717=ADVANCED_FACE('',(#836),#2573,.T.);
#2718=ADVANCED_FACE('',(#837),#2574,.T.);
#2719=ADVANCED_FACE('',(#838),#2575,.T.);
#2720=ADVANCED_FACE('',(#839),#2576,.T.);
#2721=ADVANCED_FACE('',(#840),#2577,.F.);
#2722=ADVANCED_FACE('',(#841),#2578,.T.);
#2723=ADVANCED_FACE('',(#842),#2579,.T.);
#2724=ADVANCED_FACE('',(#843),#2580,.T.);
#2725=ADVANCED_FACE('',(#844),#2581,.T.);
#2726=ADVANCED_FACE('',(#845),#2582,.T.);
#2727=ADVANCED_FACE('',(#846),#2583,.T.);
#2728=ADVANCED_FACE('',(#847),#2584,.T.);
#2729=ADVANCED_FACE('',(#848),#2585,.T.);
#2730=ADVANCED_FACE('',(#849),#2586,.F.);
#2731=ADVANCED_FACE('',(#850),#2587,.F.);
#2732=ADVANCED_FACE('',(#851),#2588,.F.);
#2733=ADVANCED_FACE('',(#852),#2589,.F.);
#2734=ADVANCED_FACE('',(#853,#18,#19),#2590,.T.);
#2735=ADVANCED_FACE('',(#854,#20,#21),#2591,.T.);
#2736=ADVANCED_FACE('',(#855),#742,.F.);
#2737=ADVANCED_FACE('',(#856),#2592,.T.);
#2738=ADVANCED_FACE('',(#857),#2593,.T.);
#2739=ADVANCED_FACE('',(#858),#2594,.T.);
#2740=ADVANCED_FACE('',(#859),#2595,.T.);
#2741=ADVANCED_FACE('',(#860),#2596,.T.);
#2742=ADVANCED_FACE('',(#861),#2597,.T.);
#2743=ADVANCED_FACE('',(#862),#2598,.T.);
#2744=ADVANCED_FACE('',(#863),#2599,.T.);
#2745=ADVANCED_FACE('',(#864),#2600,.T.);
#2746=ADVANCED_FACE('',(#865,#22,#23),#2601,.T.);
#2747=ADVANCED_FACE('',(#866),#2602,.T.);
#2748=ADVANCED_FACE('',(#867),#743,.F.);
#2749=ADVANCED_FACE('',(#868,#24),#2603,.T.);
#2750=ADVANCED_FACE('',(#869),#2604,.T.);
#2751=ADVANCED_FACE('',(#870,#25),#2605,.F.);
#2752=ADVANCED_FACE('',(#871),#2606,.T.);
#2753=ADVANCED_FACE('',(#872),#2607,.F.);
#2754=ADVANCED_FACE('',(#873),#2608,.F.);
#2755=ADVANCED_FACE('',(#874),#2609,.F.);
#2756=ADVANCED_FACE('',(#875),#2610,.F.);
#2757=ADVANCED_FACE('',(#876),#2611,.F.);
#2758=ADVANCED_FACE('',(#877),#2612,.F.);
#2759=ADVANCED_FACE('',(#878),#2613,.T.);
#2760=ADVANCED_FACE('',(#879),#2614,.T.);
#2761=ADVANCED_FACE('',(#880),#2615,.T.);
#2762=ADVANCED_FACE('',(#881),#2616,.T.);
#2763=ADVANCED_FACE('',(#882),#2617,.T.);
#2764=ADVANCED_FACE('',(#883),#2618,.F.);
#2765=ADVANCED_FACE('',(#884),#2619,.T.);
#2766=ADVANCED_FACE('',(#885),#2620,.T.);
#2767=ADVANCED_FACE('',(#886),#2621,.T.);
#2768=ADVANCED_FACE('',(#887),#2622,.T.);
#2769=ADVANCED_FACE('',(#888),#2623,.T.);
#2770=ADVANCED_FACE('',(#889,#26),#2624,.T.);
#2771=CLOSED_SHELL('',(#2625,#2626,#2627));
#2772=CLOSED_SHELL('',(#2628,#2629,#2630));
#2773=CLOSED_SHELL('',(#2631,#2632,#2633));
#2774=CLOSED_SHELL('',(#2634,#2635,#2636));
#2775=CLOSED_SHELL('',(#2637,#2638,#2639,#2640,#2641,#2642,#2643,#2644,
#2645,#2646,#2647,#2648,#2649,#2650,#2651,#2652,#2653,#2654,#2655,#2656,
#2657,#2658,#2659,#2660,#2661,#2662,#2663,#2664,#2665,#2666,#2667,#2668,
#2669,#2670,#2671,#2672,#2673,#2674,#2675,#2676,#2677,#2678,#2679,#2680,
#2681,#2682,#2683,#2684,#2685,#2686,#2687,#2688,#2689,#2690,#2691,#2692,
#2693,#2694,#2695,#2696,#2697,#2698,#2699,#2700,#2701,#2702,#2703,#2704,
#2705,#2706,#2707,#2708,#2709,#2710,#2711,#2712,#2713,#2714,#2715,#2716,
#2717,#2718,#2719,#2720,#2721,#2722,#2723,#2724,#2725,#2726,#2727,#2728,
#2729,#2730,#2731,#2732,#2733,#2734,#2735,#2736,#2737,#2738,#2739,#2740,
#2741,#2742,#2743,#2744,#2745,#2746,#2747,#2748,#2749,#2750,#2751,#2752,
#2753,#2754,#2755,#2756,#2757,#2758,#2759,#2760,#2761,#2762,#2763,#2764,
#2765,#2766,#2767,#2768,#2769,#2770));
#2776=BREP_WITH_VOIDS('ESP32 Sensor Case (1) (1) (1)',#2775,(#27,#28,#29,
#30));
#2777=DERIVED_UNIT_ELEMENT(#2779,1.);
#2778=DERIVED_UNIT_ELEMENT(#4484,-3.);
#2779=(
MASS_UNIT()
NAMED_UNIT(*)
SI_UNIT(.KILO.,.GRAM.)
);
#2780=DERIVED_UNIT((#2777,#2778));
#2781=MEASURE_REPRESENTATION_ITEM('density measure',
POSITIVE_RATIO_MEASURE(7850.),#2780);
#2782=PROPERTY_DEFINITION_REPRESENTATION(#2787,#2784);
#2783=PROPERTY_DEFINITION_REPRESENTATION(#2788,#2785);
#2784=REPRESENTATION('material name',(#2786),#4481);
#2785=REPRESENTATION('density',(#2781),#4481);
#2786=DESCRIPTIVE_REPRESENTATION_ITEM('Steel','Steel');
#2787=PROPERTY_DEFINITION('material property','material name',#4491);
#2788=PROPERTY_DEFINITION('material property','density of part',#4491);
#2789=AXIS2_PLACEMENT_3D('',#3691,#2974,#2975);
#2790=AXIS2_PLACEMENT_3D('',#3692,#2976,#2977);
#2791=AXIS2_PLACEMENT_3D('',#3694,#2978,#2979);
#2792=AXIS2_PLACEMENT_3D('',#3695,#2980,#2981);
#2793=AXIS2_PLACEMENT_3D('',#3698,#2983,#2984);
#2794=AXIS2_PLACEMENT_3D('',#3699,#2985,#2986);
#2795=AXIS2_PLACEMENT_3D('',#3700,#2987,#2988);
#2796=AXIS2_PLACEMENT_3D('',#3702,#2989,#2990);
#2797=AXIS2_PLACEMENT_3D('',#3703,#2991,#2992);
#2798=AXIS2_PLACEMENT_3D('',#3706,#2994,#2995);
#2799=AXIS2_PLACEMENT_3D('',#3707,#2996,#2997);
#2800=AXIS2_PLACEMENT_3D('',#3708,#2998,#2999);
#2801=AXIS2_PLACEMENT_3D('',#3710,#3000,#3001);
#2802=AXIS2_PLACEMENT_3D('',#3711,#3002,#3003);
#2803=AXIS2_PLACEMENT_3D('',#3713,#3004,#3005);
#2804=AXIS2_PLACEMENT_3D('',#3715,#3007,#3008);
#2805=AXIS2_PLACEMENT_3D('',#3716,#3009,#3010);
#2806=AXIS2_PLACEMENT_3D('',#3718,#3011,#3012);
#2807=AXIS2_PLACEMENT_3D('',#3719,#3013,#3014);
#2808=AXIS2_PLACEMENT_3D('',#3722,#3016,#3017);
#2809=AXIS2_PLACEMENT_3D('',#3723,#3018,#3019);
#2810=AXIS2_PLACEMENT_3D('',#3724,#3020,#3021);
#2811=AXIS2_PLACEMENT_3D('',#3735,#3027,#3028);
#2812=AXIS2_PLACEMENT_3D('',#3741,#3032,#3033);
#2813=AXIS2_PLACEMENT_3D('',#3747,#3037,#3038);
#2814=AXIS2_PLACEMENT_3D('',#3753,#3042,#3043);
#2815=AXIS2_PLACEMENT_3D('',#3762,#3048,#3049);
#2816=AXIS2_PLACEMENT_3D('',#3764,#3050,#3051);
#2817=AXIS2_PLACEMENT_3D('',#3767,#3053,#3054);
#2818=AXIS2_PLACEMENT_3D('',#3768,#3055,#3056);
#2819=AXIS2_PLACEMENT_3D('',#3770,#3057,#3058);
#2820=AXIS2_PLACEMENT_3D('',#3773,#3060,#3061);
#2821=AXIS2_PLACEMENT_3D('',#3774,#3062,#3063);
#2822=AXIS2_PLACEMENT_3D('',#3783,#3068,#3069);
#2823=AXIS2_PLACEMENT_3D('',#3792,#3074,#3075);
#2824=AXIS2_PLACEMENT_3D('',#3798,#3079,#3080);
#2825=AXIS2_PLACEMENT_3D('',#3804,#3084,#3085);
#2826=AXIS2_PLACEMENT_3D('',#3807,#3088,#3089);
#2827=AXIS2_PLACEMENT_3D('',#3809,#3090,#3091);
#2828=AXIS2_PLACEMENT_3D('',#3812,#3093,#3094);
#2829=AXIS2_PLACEMENT_3D('',#3813,#3095,#3096);
#2830=AXIS2_PLACEMENT_3D('',#3815,#3097,#3098);
#2831=AXIS2_PLACEMENT_3D('',#3818,#3100,#3101);
#2832=AXIS2_PLACEMENT_3D('',#3819,#3102,#3103);
#2833=AXIS2_PLACEMENT_3D('',#3828,#3108,#3109);
#2834=AXIS2_PLACEMENT_3D('',#3834,#3113,#3114);
#2835=AXIS2_PLACEMENT_3D('',#3843,#3119,#3120);
#2836=AXIS2_PLACEMENT_3D('',#3846,#3123,#3124);
#2837=AXIS2_PLACEMENT_3D('',#3853,#3129,#3130);
#2838=AXIS2_PLACEMENT_3D('',#3856,#3131,#3132);
#2839=AXIS2_PLACEMENT_3D('',#3860,#3134,#3135);
#2840=AXIS2_PLACEMENT_3D('',#3862,#3137,#3138);
#2841=AXIS2_PLACEMENT_3D('',#3868,#3142,#3143);
#2842=AXIS2_PLACEMENT_3D('',#3874,#3147,#3148);
#2843=AXIS2_PLACEMENT_3D('',#3899,#3161,#3162);
#2844=AXIS2_PLACEMENT_3D('',#3905,#3166,#3167);
#2845=AXIS2_PLACEMENT_3D('',#3914,#3172,#3173);
#2846=AXIS2_PLACEMENT_3D('',#3916,#3174,#3175);
#2847=AXIS2_PLACEMENT_3D('',#3918,#3176,#3177);
#2848=AXIS2_PLACEMENT_3D('',#3920,#3179,#3180);
#2849=AXIS2_PLACEMENT_3D('',#3926,#3184,#3185);
#2850=AXIS2_PLACEMENT_3D('',#3932,#3189,#3190);
#2851=AXIS2_PLACEMENT_3D('',#3938,#3194,#3195);
#2852=AXIS2_PLACEMENT_3D('',#3944,#3199,#3200);
#2853=AXIS2_PLACEMENT_3D('',#3949,#3204,#3205);
#2854=AXIS2_PLACEMENT_3D('',#3968,#3214,#3215);
#2855=AXIS2_PLACEMENT_3D('',#3970,#3217,#3218);
#2856=AXIS2_PLACEMENT_3D('',#3976,#3222,#3223);
#2857=AXIS2_PLACEMENT_3D('',#3980,#3226,#3227);
#2858=AXIS2_PLACEMENT_3D('',#3983,#3229,#3230);
#2859=AXIS2_PLACEMENT_3D('',#3984,#3231,#3232);
#2860=AXIS2_PLACEMENT_3D('',#3988,#3235,#3236);
#2861=AXIS2_PLACEMENT_3D('',#3992,#3239,#3240);
#2862=AXIS2_PLACEMENT_3D('',#3996,#3243,#3244);
#2863=AXIS2_PLACEMENT_3D('',#4004,#3249,#3250);
#2864=AXIS2_PLACEMENT_3D('',#4006,#3252,#3253);
#2865=AXIS2_PLACEMENT_3D('',#4014,#3258,#3259);
#2866=AXIS2_PLACEMENT_3D('',#4016,#3261,#3262);
#2867=AXIS2_PLACEMENT_3D('',#4018,#3264,#3265);
#2868=AXIS2_PLACEMENT_3D('',#4027,#3270,#3271);
#2869=AXIS2_PLACEMENT_3D('',#4030,#3272,#3273);
#2870=AXIS2_PLACEMENT_3D('',#4034,#3275,#3276);
#2871=AXIS2_PLACEMENT_3D('',#4036,#3278,#3279);
#2872=AXIS2_PLACEMENT_3D('',#4042,#3283,#3284);
#2873=AXIS2_PLACEMENT_3D('',#4044,#3285,#3286);
#2874=AXIS2_PLACEMENT_3D('',#4047,#3288,#3289);
#2875=AXIS2_PLACEMENT_3D('',#4048,#3290,#3291);
#2876=AXIS2_PLACEMENT_3D('',#4054,#3295,#3296);
#2877=AXIS2_PLACEMENT_3D('',#4060,#3300,#3301);
#2878=AXIS2_PLACEMENT_3D('',#4070,#3307,#3308);
#2879=AXIS2_PLACEMENT_3D('',#4076,#3312,#3313);
#2880=AXIS2_PLACEMENT_3D('',#4084,#3318,#3319);
#2881=AXIS2_PLACEMENT_3D('',#4094,#3324,#3325);
#2882=AXIS2_PLACEMENT_3D('',#4095,#3326,#3327);
#2883=AXIS2_PLACEMENT_3D('',#4101,#3331,#3332);
#2884=AXIS2_PLACEMENT_3D('',#4105,#3335,#3336);
#2885=AXIS2_PLACEMENT_3D('',#4111,#3340,#3341);
#2886=AXIS2_PLACEMENT_3D('',#4112,#3342,#3343);
#2887=AXIS2_PLACEMENT_3D('',#4113,#3344,#3345);
#2888=AXIS2_PLACEMENT_3D('',#4122,#3350,#3351);
#2889=AXIS2_PLACEMENT_3D('',#4128,#3355,#3356);
#2890=AXIS2_PLACEMENT_3D('',#4134,#3360,#3361);
#2891=AXIS2_PLACEMENT_3D('',#4140,#3365,#3366);
#2892=AXIS2_PLACEMENT_3D('',#4146,#3370,#3371);
#2893=AXIS2_PLACEMENT_3D('',#4155,#3376,#3377);
#2894=AXIS2_PLACEMENT_3D('',#4158,#3380,#3381);
#2895=AXIS2_PLACEMENT_3D('',#4164,#3385,#3386);
#2896=AXIS2_PLACEMENT_3D('',#4166,#3387,#3388);
#2897=AXIS2_PLACEMENT_3D('',#4169,#3390,#3391);
#2898=AXIS2_PLACEMENT_3D('',#4170,#3392,#3393);
#2899=AXIS2_PLACEMENT_3D('',#4173,#3396,#3397);
#2900=AXIS2_PLACEMENT_3D('',#4178,#3401,#3402);
#2901=AXIS2_PLACEMENT_3D('',#4194,#3410,#3411);
#2902=AXIS2_PLACEMENT_3D('',#4195,#3412,#3413);
#2903=AXIS2_PLACEMENT_3D('',#4202,#3418,#3419);
#2904=AXIS2_PLACEMENT_3D('',#4206,#3422,#3423);
#2905=AXIS2_PLACEMENT_3D('',#4214,#3428,#3429);
#2906=AXIS2_PLACEMENT_3D('',#4216,#3431,#3432);
#2907=AXIS2_PLACEMENT_3D('',#4218,#3433,#3434);
#2908=AXIS2_PLACEMENT_3D('',#4219,#3435,#3436);
#2909=AXIS2_PLACEMENT_3D('',#4221,#3438,#3439);
#2910=AXIS2_PLACEMENT_3D('',#4223,#3440,#3441);
#2911=AXIS2_PLACEMENT_3D('',#4224,#3442,#3443);
#2912=AXIS2_PLACEMENT_3D('',#4226,#3444,#3445);
#2913=AXIS2_PLACEMENT_3D('',#4228,#3447,#3448);
#2914=AXIS2_PLACEMENT_3D('',#4234,#3452,#3453);
#2915=AXIS2_PLACEMENT_3D('',#4239,#3457,#3458);
#2916=AXIS2_PLACEMENT_3D('',#4251,#3465,#3466);
#2917=AXIS2_PLACEMENT_3D('',#4262,#3473,#3474);
#2918=AXIS2_PLACEMENT_3D('',#4264,#3476,#3477);
#2919=AXIS2_PLACEMENT_3D('',#4266,#3479,#3480);
#2920=AXIS2_PLACEMENT_3D('',#4267,#3481,#3482);
#2921=AXIS2_PLACEMENT_3D('',#4277,#3488,#3489);
#2922=AXIS2_PLACEMENT_3D('',#4281,#3492,#3493);
#2923=AXIS2_PLACEMENT_3D('',#4285,#3496,#3497);
#2924=AXIS2_PLACEMENT_3D('',#4287,#3499,#3500);
#2925=AXIS2_PLACEMENT_3D('',#4290,#3503,#3504);
#2926=AXIS2_PLACEMENT_3D('',#4291,#3505,#3506);
#2927=AXIS2_PLACEMENT_3D('',#4297,#3510,#3511);
#2928=AXIS2_PLACEMENT_3D('',#4301,#3514,#3515);
#2929=AXIS2_PLACEMENT_3D('',#4307,#3519,#3520);
#2930=AXIS2_PLACEMENT_3D('',#4316,#3525,#3526);
#2931=AXIS2_PLACEMENT_3D('',#4322,#3530,#3531);
#2932=AXIS2_PLACEMENT_3D('',#4327,#3535,#3536);
#2933=AXIS2_PLACEMENT_3D('',#4330,#3539,#3540);
#2934=AXIS2_PLACEMENT_3D('',#4332,#3542,#3543);
#2935=AXIS2_PLACEMENT_3D('',#4334,#3545,#3546);
#2936=AXIS2_PLACEMENT_3D('',#4336,#3547,#3548);
#2937=AXIS2_PLACEMENT_3D('',#4339,#3550,#3551);
#2938=AXIS2_PLACEMENT_3D('',#4340,#3552,#3553);
#2939=AXIS2_PLACEMENT_3D('',#4341,#3554,#3555);
#2940=AXIS2_PLACEMENT_3D('',#4342,#3556,#3557);
#2941=AXIS2_PLACEMENT_3D('',#4343,#3558,#3559);
#2942=AXIS2_PLACEMENT_3D('',#4344,#3560,#3561);
#2943=AXIS2_PLACEMENT_3D('',#4350,#3565,#3566);
#2944=AXIS2_PLACEMENT_3D('',#4359,#3571,#3572);
#2945=AXIS2_PLACEMENT_3D('',#4365,#3576,#3577);
#2946=AXIS2_PLACEMENT_3D('',#4371,#3581,#3582);
#2947=AXIS2_PLACEMENT_3D('',#4376,#3585,#3586);
#2948=AXIS2_PLACEMENT_3D('',#4378,#3588,#3589);
#2949=AXIS2_PLACEMENT_3D('',#4391,#3598,#3599);
#2950=AXIS2_PLACEMENT_3D('',#4395,#3602,#3603);
#2951=AXIS2_PLACEMENT_3D('',#4396,#3604,#3605);
#2952=AXIS2_PLACEMENT_3D('',#4397,#3606,#3607);
#2953=AXIS2_PLACEMENT_3D('',#4401,#3610,#3611);
#2954=AXIS2_PLACEMENT_3D('',#4403,#3613,#3614);
#2955=AXIS2_PLACEMENT_3D('',#4409,#3618,#3619);
#2956=AXIS2_PLACEMENT_3D('',#4413,#3622,#3623);
#2957=AXIS2_PLACEMENT_3D('',#4419,#3627,#3628);
#2958=AXIS2_PLACEMENT_3D('',#4423,#3631,#3632);
#2959=AXIS2_PLACEMENT_3D('',#4429,#3636,#3637);
#2960=AXIS2_PLACEMENT_3D('',#4433,#3640,#3641);
#2961=AXIS2_PLACEMENT_3D('',#4439,#3645,#3646);
#2962=AXIS2_PLACEMENT_3D('',#4448,#3652,#3653);
#2963=AXIS2_PLACEMENT_3D('',#4450,#3655,#3656);
#2964=AXIS2_PLACEMENT_3D('',#4454,#3659,#3660);
#2965=AXIS2_PLACEMENT_3D('',#4463,#3666,#3667);
#2966=AXIS2_PLACEMENT_3D('',#4465,#3669,#3670);
#2967=AXIS2_PLACEMENT_3D('',#4467,#3672,#3673);
#2968=AXIS2_PLACEMENT_3D('',#4468,#3674,#3675);
#2969=AXIS2_PLACEMENT_3D('',#4470,#3677,#3678);
#2970=AXIS2_PLACEMENT_3D('',#4472,#3680,#3681);
#2971=AXIS2_PLACEMENT_3D('',#4474,#3683,#3684);
#2972=AXIS2_PLACEMENT_3D('',#4476,#3686,#3687);
#2973=AXIS2_PLACEMENT_3D('',#4478,#3689,#3690);
#2974=DIRECTION('axis',(0.,0.,1.));
#2975=DIRECTION('refdir',(1.,0.,0.));
#2976=DIRECTION('center_axis',(0.,0.,1.));
#2977=DIRECTION('ref_axis',(-1.,0.,0.));
#2978=DIRECTION('center_axis',(0.,0.,-1.));
#2979=DIRECTION('ref_axis',(-1.,0.,0.));
#2980=DIRECTION('center_axis',(0.,0.,-1.));
#2981=DIRECTION('ref_axis',(-1.,0.,0.));
#2982=DIRECTION('',(0.,0.,-1.));
#2983=DIRECTION('center_axis',(0.,0.,-1.));
#2984=DIRECTION('ref_axis',(-1.,0.,0.));
#2985=DIRECTION('center_axis',(0.,0.,1.));
#2986=DIRECTION('ref_axis',(-1.,0.,0.));
#2987=DIRECTION('center_axis',(0.,0.,1.));
#2988=DIRECTION('ref_axis',(-1.,0.,0.));
#2989=DIRECTION('center_axis',(0.,0.,-1.));
#2990=DIRECTION('ref_axis',(-1.,0.,0.));
#2991=DIRECTION('center_axis',(0.,0.,-1.));
#2992=DIRECTION('ref_axis',(-1.,0.,0.));
#2993=DIRECTION('',(0.,0.,-1.));
#2994=DIRECTION('center_axis',(0.,0.,-1.));
#2995=DIRECTION('ref_axis',(-1.,0.,0.));
#2996=DIRECTION('center_axis',(0.,0.,1.));
#2997=DIRECTION('ref_axis',(-1.,0.,0.));
#2998=DIRECTION('center_axis',(0.,0.,1.));
#2999=DIRECTION('ref_axis',(-1.,0.,0.));
#3000=DIRECTION('center_axis',(0.,0.,-1.));
#3001=DIRECTION('ref_axis',(-1.,0.,0.));
#3002=DIRECTION('center_axis',(0.,0.,-1.));
#3003=DIRECTION('ref_axis',(-1.,0.,0.));
#3004=DIRECTION('center_axis',(0.,0.,-1.));
#3005=DIRECTION('ref_axis',(-1.,0.,0.));
#3006=DIRECTION('',(0.,0.,-1.));
#3007=DIRECTION('center_axis',(0.,0.,1.));
#3008=DIRECTION('ref_axis',(-1.,0.,0.));
#3009=DIRECTION('center_axis',(0.,0.,1.));
#3010=DIRECTION('ref_axis',(-1.,0.,0.));
#3011=DIRECTION('center_axis',(0.,0.,-1.));
#3012=DIRECTION('ref_axis',(-1.,0.,0.));
#3013=DIRECTION('center_axis',(0.,0.,-1.));
#3014=DIRECTION('ref_axis',(-1.,0.,0.));
#3015=DIRECTION('',(0.,0.,-1.));
#3016=DIRECTION('center_axis',(0.,0.,-1.));
#3017=DIRECTION('ref_axis',(-1.,0.,0.));
#3018=DIRECTION('center_axis',(0.,0.,1.));
#3019=DIRECTION('ref_axis',(-1.,0.,0.));
#3020=DIRECTION('center_axis',(0.,1.,0.));
#3021=DIRECTION('ref_axis',(0.,0.,1.));
#3022=DIRECTION('',(0.,0.,1.));
#3023=DIRECTION('',(1.,0.,0.));
#3024=DIRECTION('',(0.,0.,-1.));
#3025=DIRECTION('',(-1.,0.,0.));
#3026=DIRECTION('',(0.,0.,1.));
#3027=DIRECTION('center_axis',(-1.,0.,0.));
#3028=DIRECTION('ref_axis',(0.,1.,0.));
#3029=DIRECTION('',(0.,1.,0.));
#3030=DIRECTION('',(0.,0.,-1.));
#3031=DIRECTION('',(-3.70074340990265E-17,1.,0.));
#3032=DIRECTION('center_axis',(0.,1.,0.));
#3033=DIRECTION('ref_axis',(1.,0.,0.));
#3034=DIRECTION('',(1.,0.,0.));
#3035=DIRECTION('',(0.,0.,1.));
#3036=DIRECTION('',(1.,0.,0.));
#3037=DIRECTION('center_axis',(-1.,0.,0.));
#3038=DIRECTION('ref_axis',(0.,1.,0.));
#3039=DIRECTION('',(0.,1.,0.));
#3040=DIRECTION('',(0.,0.,1.));
#3041=DIRECTION('',(0.,1.,0.));
#3042=DIRECTION('center_axis',(0.,-1.,0.));
#3043=DIRECTION('ref_axis',(1.,0.,0.));
#3044=DIRECTION('',(0.,0.,-1.));
#3045=DIRECTION('',(-1.,0.,0.));
#3046=DIRECTION('',(0.,0.,-1.));
#3047=DIRECTION('',(1.,0.,0.));
#3048=DIRECTION('center_axis',(0.,0.,1.));
#3049=DIRECTION('ref_axis',(-1.,0.,0.));
#3050=DIRECTION('center_axis',(0.,0.,-1.));
#3051=DIRECTION('ref_axis',(-1.,0.,0.));
#3052=DIRECTION('',(0.,0.,-1.));
#3053=DIRECTION('center_axis',(0.,0.,-1.));
#3054=DIRECTION('ref_axis',(-1.,0.,0.));
#3055=DIRECTION('center_axis',(0.,0.,1.));
#3056=DIRECTION('ref_axis',(-1.,0.,0.));
#3057=DIRECTION('center_axis',(0.,0.,-1.));
#3058=DIRECTION('ref_axis',(-1.,0.,0.));
#3059=DIRECTION('',(0.,0.,-1.));
#3060=DIRECTION('center_axis',(0.,0.,-1.));
#3061=DIRECTION('ref_axis',(-1.,0.,0.));
#3062=DIRECTION('center_axis',(0.,1.,0.));
#3063=DIRECTION('ref_axis',(-1.,0.,0.));
#3064=DIRECTION('',(1.,0.,0.));
#3065=DIRECTION('',(0.,0.,1.));
#3066=DIRECTION('',(-1.,0.,0.));
#3067=DIRECTION('',(0.,0.,1.));
#3068=DIRECTION('center_axis',(0.,-1.,0.));
#3069=DIRECTION('ref_axis',(1.,0.,0.));
#3070=DIRECTION('',(0.,0.,1.));
#3071=DIRECTION('',(1.,0.,0.));
#3072=DIRECTION('',(0.,0.,1.));
#3073=DIRECTION('',(-1.,0.,0.));
#3074=DIRECTION('center_axis',(-1.,0.,0.));
#3075=DIRECTION('ref_axis',(0.,-1.,0.));
#3076=DIRECTION('',(0.,1.,0.));
#3077=DIRECTION('',(0.,-1.,0.));
#3078=DIRECTION('',(0.,0.,1.));
#3079=DIRECTION('center_axis',(0.,1.,0.));
#3080=DIRECTION('ref_axis',(-1.,0.,0.));
#3081=DIRECTION('',(1.,0.,0.));
#3082=DIRECTION('',(-1.,0.,0.));
#3083=DIRECTION('',(0.,0.,1.));
#3084=DIRECTION('center_axis',(-1.,0.,0.));
#3085=DIRECTION('ref_axis',(0.,-1.,0.));
#3086=DIRECTION('',(0.,1.,0.));
#3087=DIRECTION('',(0.,-1.,0.));
#3088=DIRECTION('center_axis',(0.,0.,1.));
#3089=DIRECTION('ref_axis',(-1.,0.,0.));
#3090=DIRECTION('center_axis',(0.,0.,-1.));
#3091=DIRECTION('ref_axis',(-1.,0.,0.));
#3092=DIRECTION('',(0.,0.,-1.));
#3093=DIRECTION('center_axis',(0.,0.,-1.));
#3094=DIRECTION('ref_axis',(-1.,0.,0.));
#3095=DIRECTION('center_axis',(0.,0.,1.));
#3096=DIRECTION('ref_axis',(-1.,0.,0.));
#3097=DIRECTION('center_axis',(0.,0.,-1.));
#3098=DIRECTION('ref_axis',(-1.,0.,0.));
#3099=DIRECTION('',(0.,0.,-1.));
#3100=DIRECTION('center_axis',(0.,0.,-1.));
#3101=DIRECTION('ref_axis',(-1.,0.,0.));
#3102=DIRECTION('center_axis',(0.,-1.,0.));
#3103=DIRECTION('ref_axis',(1.,0.,0.));
#3104=DIRECTION('',(-1.,0.,0.));
#3105=DIRECTION('',(0.,0.,1.));
#3106=DIRECTION('',(1.,0.,0.));
#3107=DIRECTION('',(0.,0.,1.));
#3108=DIRECTION('center_axis',(-1.,0.,0.));
#3109=DIRECTION('ref_axis',(0.,-1.,0.));
#3110=DIRECTION('',(0.,1.,0.));
#3111=DIRECTION('',(0.,-1.,0.));
#3112=DIRECTION('',(0.,0.,1.));
#3113=DIRECTION('center_axis',(0.,-1.,0.));
#3114=DIRECTION('ref_axis',(1.,0.,0.));
#3115=DIRECTION('',(-1.,0.,0.));
#3116=DIRECTION('',(0.,0.,-1.));
#3117=DIRECTION('',(1.,0.,0.));
#3118=DIRECTION('',(0.,0.,1.));
#3119=DIRECTION('center_axis',(-1.,0.,0.));
#3120=DIRECTION('ref_axis',(0.,-1.,0.));
#3121=DIRECTION('',(0.,1.,0.));
#3122=DIRECTION('',(0.,-1.,0.));
#3123=DIRECTION('center_axis',(0.,1.,0.));
#3124=DIRECTION('ref_axis',(0.,0.,1.));
#3125=DIRECTION('',(-1.,0.,0.));
#3126=DIRECTION('',(0.,0.,1.));
#3127=DIRECTION('',(1.,0.,0.));
#3128=DIRECTION('',(0.,0.,-1.));
#3129=DIRECTION('center_axis',(0.,-1.,0.));
#3130=DIRECTION('ref_axis',(1.,0.,0.));
#3131=DIRECTION('center_axis',(0.,1.,0.));
#3132=DIRECTION('ref_axis',(1.,0.,0.));
#3133=DIRECTION('',(0.,1.,0.));
#3134=DIRECTION('center_axis',(0.,1.,0.));
#3135=DIRECTION('ref_axis',(1.,0.,0.));
#3136=DIRECTION('',(0.,1.,0.));
#3137=DIRECTION('center_axis',(-1.,0.,0.));
#3138=DIRECTION('ref_axis',(0.,1.,0.));
#3139=DIRECTION('',(0.,0.,-1.));
#3140=DIRECTION('',(0.,-1.,0.));
#3141=DIRECTION('',(0.,0.,-1.));
#3142=DIRECTION('center_axis',(0.,0.,1.));
#3143=DIRECTION('ref_axis',(-1.,0.,0.));
#3144=DIRECTION('',(0.,1.,0.));
#3145=DIRECTION('',(-1.,0.,0.));
#3146=DIRECTION('',(1.,0.,0.));
#3147=DIRECTION('center_axis',(-1.,-1.58603278428174E-16,0.));
#3148=DIRECTION('ref_axis',(0.,0.,1.));
#3149=DIRECTION('',(0.,0.,1.));
#3150=DIRECTION('',(0.,1.,0.));
#3151=DIRECTION('',(0.,0.,1.));
#3152=DIRECTION('',(0.,-1.,0.));
#3153=DIRECTION('',(0.,0.,1.));
#3154=DIRECTION('',(0.,-1.,0.));
#3155=DIRECTION('',(0.,0.,-1.));
#3156=DIRECTION('',(0.,-1.,0.));
#3157=DIRECTION('',(3.43548547791525E-50,1.,0.));
#3158=DIRECTION('',(0.,0.,1.));
#3159=DIRECTION('',(0.,-1.,0.));
#3160=DIRECTION('',(0.,0.,1.));
#3161=DIRECTION('center_axis',(1.,0.,0.));
#3162=DIRECTION('ref_axis',(0.,0.,-1.));
#3163=DIRECTION('',(0.,1.,0.));
#3164=DIRECTION('',(0.,0.,-1.));
#3165=DIRECTION('',(0.,-1.,0.));
#3166=DIRECTION('center_axis',(-1.,0.,0.));
#3167=DIRECTION('ref_axis',(0.,0.,1.));
#3168=DIRECTION('',(0.,0.,1.));
#3169=DIRECTION('',(0.,1.,0.));
#3170=DIRECTION('',(0.,0.,1.));
#3171=DIRECTION('',(0.,1.,0.));
#3172=DIRECTION('center_axis',(0.,1.,0.));
#3173=DIRECTION('ref_axis',(-1.,0.,6.66133814775096E-15));
#3174=DIRECTION('center_axis',(0.,-1.,0.));
#3175=DIRECTION('ref_axis',(-1.,0.,6.66133814775096E-15));
#3176=DIRECTION('center_axis',(0.,1.,0.));
#3177=DIRECTION('ref_axis',(-1.,0.,6.66133814775096E-15));
#3178=DIRECTION('',(0.,1.,0.));
#3179=DIRECTION('center_axis',(0.,0.,-1.));
#3180=DIRECTION('ref_axis',(-1.,0.,0.));
#3181=DIRECTION('',(-1.,0.,0.));
#3182=DIRECTION('',(-1.,0.,0.));
#3183=DIRECTION('',(0.,1.,0.));
#3184=DIRECTION('center_axis',(-1.,0.,0.));
#3185=DIRECTION('ref_axis',(0.,0.,1.));
#3186=DIRECTION('',(0.,0.,1.));
#3187=DIRECTION('',(0.,0.,1.));
#3188=DIRECTION('',(0.,1.,0.));
#3189=DIRECTION('center_axis',(0.,0.,1.));
#3190=DIRECTION('ref_axis',(1.,0.,0.));
#3191=DIRECTION('',(1.,0.,0.));
#3192=DIRECTION('',(1.,0.,0.));
#3193=DIRECTION('',(0.,1.,0.));
#3194=DIRECTION('center_axis',(-0.707106781186548,0.,0.707106781186548));
#3195=DIRECTION('ref_axis',(0.707106781186548,0.,0.707106781186548));
#3196=DIRECTION('',(-0.707106781186547,0.,-0.707106781186547));
#3197=DIRECTION('',(0.,1.,0.));
#3198=DIRECTION('',(0.707106781186547,0.,0.707106781186547));
#3199=DIRECTION('center_axis',(0.,-1.,0.));
#3200=DIRECTION('ref_axis',(1.,0.,0.));
#3201=DIRECTION('',(0.,0.,1.));
#3202=DIRECTION('',(-1.,0.,0.));
#3203=DIRECTION('',(1.,0.,0.));
#3204=DIRECTION('center_axis',(0.,-1.,0.));
#3205=DIRECTION('ref_axis',(1.,0.,0.));
#3206=DIRECTION('',(-0.707106781186547,0.,-0.707106781186547));
#3207=DIRECTION('',(1.,0.,0.));
#3208=DIRECTION('',(0.,0.,-1.));
#3209=DIRECTION('',(1.,0.,0.));
#3210=DIRECTION('',(0.,0.,1.));
#3211=DIRECTION('',(1.,0.,0.));
#3212=DIRECTION('',(0.,0.,1.));
#3213=DIRECTION('',(-1.,0.,0.));
#3214=DIRECTION('center_axis',(0.,-1.,0.));
#3215=DIRECTION('ref_axis',(-1.,0.,6.66133814775096E-15));
#3216=DIRECTION('',(0.,0.,1.));
#3217=DIRECTION('center_axis',(-0.707106781186548,0.,0.707106781186548));
#3218=DIRECTION('ref_axis',(-0.707106781186548,0.,-0.707106781186548));
#3219=DIRECTION('',(0.,-1.,0.));
#3220=DIRECTION('',(-0.707106781186547,0.,-0.707106781186547));
#3221=DIRECTION('',(0.,-1.,0.));
#3222=DIRECTION('center_axis',(-1.,0.,0.));
#3223=DIRECTION('ref_axis',(0.,0.,-1.));
#3224=DIRECTION('',(0.,-1.,0.));
#3225=DIRECTION('',(0.,0.,-1.));
#3226=DIRECTION('center_axis',(0.,-1.,0.));
#3227=DIRECTION('ref_axis',(-1.,0.,6.66133814775096E-15));
#3228=DIRECTION('',(0.,-1.,0.));
#3229=DIRECTION('center_axis',(0.,-1.,0.));
#3230=DIRECTION('ref_axis',(-1.,0.,6.66133814775096E-15));
#3231=DIRECTION('center_axis',(0.,0.,-1.));
#3232=DIRECTION('ref_axis',(1.,0.,0.));
#3233=DIRECTION('',(0.,-1.,0.));
#3234=DIRECTION('',(1.,0.,0.));
#3235=DIRECTION('center_axis',(-1.,0.,0.));
#3236=DIRECTION('ref_axis',(0.,0.,-1.));
#3237=DIRECTION('',(0.,-1.,0.));
#3238=DIRECTION('',(0.,0.,-1.));
#3239=DIRECTION('center_axis',(0.,0.,1.));
#3240=DIRECTION('ref_axis',(-1.,0.,0.));
#3241=DIRECTION('',(0.,-1.,0.));
#3242=DIRECTION('',(-1.,0.,0.));
#3243=DIRECTION('center_axis',(0.,0.,1.));
#3244=DIRECTION('ref_axis',(-1.,0.,0.));
#3245=DIRECTION('',(0.,-1.,0.));
#3246=DIRECTION('',(1.,0.,0.));
#3247=DIRECTION('',(0.,1.,0.));
#3248=DIRECTION('',(-1.,0.,0.));
#3249=DIRECTION('center_axis',(0.,1.,0.));
#3250=DIRECTION('ref_axis',(-1.,0.,0.));
#3251=DIRECTION('',(0.,0.,1.));
#3252=DIRECTION('center_axis',(0.,-1.,0.));
#3253=DIRECTION('ref_axis',(0.,0.,-1.));
#3254=DIRECTION('',(0.,0.,-1.));
#3255=DIRECTION('',(0.,8.32667256061158E-16,1.));
#3256=DIRECTION('',(-1.,0.,0.));
#3257=DIRECTION('',(0.,0.,1.));
#3258=DIRECTION('center_axis',(-1.,0.,0.));
#3259=DIRECTION('ref_axis',(0.,0.,-1.));
#3260=DIRECTION('',(0.,1.,0.));
#3261=DIRECTION('center_axis',(1.,0.,0.));
#3262=DIRECTION('ref_axis',(0.,0.,-1.));
#3263=DIRECTION('',(0.,-1.,0.));
#3264=DIRECTION('center_axis',(0.,0.,1.));
#3265=DIRECTION('ref_axis',(0.,1.,0.));
#3266=DIRECTION('',(0.,1.,0.));
#3267=DIRECTION('',(-1.,0.,0.));
#3268=DIRECTION('',(0.,-1.,0.));
#3269=DIRECTION('',(-1.,0.,0.));
#3270=DIRECTION('center_axis',(0.,1.,0.));
#3271=DIRECTION('ref_axis',(-0.17358866738022,0.,-0.984818244427447));
#3272=DIRECTION('center_axis',(0.,-1.,0.));
#3273=DIRECTION('ref_axis',(-0.17358866738022,0.,-0.984818244427447));
#3274=DIRECTION('',(0.,1.,0.));
#3275=DIRECTION('center_axis',(0.,-1.,0.));
#3276=DIRECTION('ref_axis',(-0.17358866738022,0.,-0.984818244427447));
#3277=DIRECTION('',(0.,1.,0.));
#3278=DIRECTION('center_axis',(0.725315340082453,0.,-0.688416775973011));
#3279=DIRECTION('ref_axis',(-0.688416775973011,0.,-0.725315340082453));
#3280=DIRECTION('',(0.688416775973011,0.,0.725315340082453));
#3281=DIRECTION('',(0.,1.,0.));
#3282=DIRECTION('',(0.688416775973011,0.,0.725315340082453));
#3283=DIRECTION('center_axis',(0.,1.,0.));
#3284=DIRECTION('ref_axis',(-0.17358866738022,0.,-0.984818244427447));
#3285=DIRECTION('center_axis',(0.,-1.,0.));
#3286=DIRECTION('ref_axis',(-0.17358866738022,0.,-0.984818244427447));
#3287=DIRECTION('',(0.,1.,0.));
#3288=DIRECTION('center_axis',(0.,-1.,0.));
#3289=DIRECTION('ref_axis',(-0.17358866738022,0.,-0.984818244427447));
#3290=DIRECTION('center_axis',(0.86409701526261,0.,-0.5033252906563));
#3291=DIRECTION('ref_axis',(-0.5033252906563,0.,-0.86409701526261));
#3292=DIRECTION('',(0.5033252906563,0.,0.86409701526261));
#3293=DIRECTION('',(0.,1.,0.));
#3294=DIRECTION('',(0.5033252906563,0.,0.86409701526261));
#3295=DIRECTION('center_axis',(0.707106972763133,0.,-0.70710658960991));
#3296=DIRECTION('ref_axis',(-0.70710658960991,0.,-0.707106972763133));
#3297=DIRECTION('',(0.70710658960991,0.,0.707106972763133));
#3298=DIRECTION('',(0.,1.,0.));
#3299=DIRECTION('',(-0.70710658960991,0.,-0.707106972763133));
#3300=DIRECTION('center_axis',(1.,0.,0.));
#3301=DIRECTION('ref_axis',(0.,0.,-1.));
#3302=DIRECTION('',(0.,0.,1.));
#3303=DIRECTION('',(0.,0.,1.));
#3304=DIRECTION('',(0.,1.,0.));
#3305=DIRECTION('',(0.,0.,-1.));
#3306=DIRECTION('',(0.,-1.,0.));
#3307=DIRECTION('center_axis',(0.,0.,-1.));
#3308=DIRECTION('ref_axis',(3.43548547791525E-50,1.,0.));
#3309=DIRECTION('',(-1.,0.,0.));
#3310=DIRECTION('',(3.43548547791525E-50,1.,0.));
#3311=DIRECTION('',(1.,0.,0.));
#3312=DIRECTION('center_axis',(1.,0.,0.));
#3313=DIRECTION('ref_axis',(0.,0.,-1.));
#3314=DIRECTION('',(0.,0.,1.));
#3315=DIRECTION('',(0.,0.,-1.));
#3316=DIRECTION('',(0.,1.,0.));
#3317=DIRECTION('',(0.,0.,1.));
#3318=DIRECTION('center_axis',(0.,1.,0.));
#3319=DIRECTION('ref_axis',(-1.,0.,0.));
#3320=DIRECTION('',(0.707106781186547,0.,0.707106781186547));
#3321=DIRECTION('',(0.,0.,1.));
#3322=DIRECTION('',(-1.,0.,0.));
#3323=DIRECTION('',(0.,0.,1.));
#3324=DIRECTION('center_axis',(0.,-1.,0.));
#3325=DIRECTION('ref_axis',(-1.,0.,0.));
#3326=DIRECTION('center_axis',(1.,0.,0.));
#3327=DIRECTION('ref_axis',(0.,0.,1.));
#3328=DIRECTION('',(0.,0.,-1.));
#3329=DIRECTION('',(0.,-1.,0.));
#3330=DIRECTION('',(0.,-1.,0.));
#3331=DIRECTION('center_axis',(0.,0.,1.));
#3332=DIRECTION('ref_axis',(-1.,0.,0.));
#3333=DIRECTION('',(1.,0.,0.));
#3334=DIRECTION('',(0.,-1.,0.));
#3335=DIRECTION('center_axis',(0.707106781186548,0.,-0.707106781186548));
#3336=DIRECTION('ref_axis',(0.707106781186548,0.,0.707106781186548));
#3337=DIRECTION('',(0.707106781186547,0.,0.707106781186547));
#3338=DIRECTION('',(0.,-1.,0.));
#3339=DIRECTION('',(0.,-1.,0.));
#3340=DIRECTION('center_axis',(0.,-1.,0.));
#3341=DIRECTION('ref_axis',(-1.,0.,0.));
#3342=DIRECTION('center_axis',(0.,1.,0.));
#3343=DIRECTION('ref_axis',(-1.,0.,0.));
#3344=DIRECTION('center_axis',(0.,0.,1.));
#3345=DIRECTION('ref_axis',(0.,-1.,0.));
#3346=DIRECTION('',(0.,1.,0.));
#3347=DIRECTION('',(-1.,0.,0.));
#3348=DIRECTION('',(0.,1.,0.));
#3349=DIRECTION('',(-1.,0.,0.));
#3350=DIRECTION('center_axis',(0.,1.,0.));
#3351=DIRECTION('ref_axis',(0.,0.,1.));
#3352=DIRECTION('',(0.,0.,-1.));
#3353=DIRECTION('',(-1.,0.,0.));
#3354=DIRECTION('',(0.,0.,-1.));
#3355=DIRECTION('center_axis',(0.,0.,1.));
#3356=DIRECTION('ref_axis',(0.,-1.,0.));
#3357=DIRECTION('',(0.,1.,0.));
#3358=DIRECTION('',(-1.,0.,0.));
#3359=DIRECTION('',(0.,1.,0.));
#3360=DIRECTION('center_axis',(0.,1.,0.));
#3361=DIRECTION('ref_axis',(0.,0.,1.));
#3362=DIRECTION('',(0.,0.,-1.));
#3363=DIRECTION('',(1.,0.,0.));
#3364=DIRECTION('',(0.,0.,-1.));
#3365=DIRECTION('center_axis',(0.,0.,1.));
#3366=DIRECTION('ref_axis',(0.,-1.,0.));
#3367=DIRECTION('',(0.,1.,0.));
#3368=DIRECTION('',(-1.,0.,0.));
#3369=DIRECTION('',(0.,1.,0.));
#3370=DIRECTION('center_axis',(1.,0.,0.));
#3371=DIRECTION('ref_axis',(0.,1.,0.));
#3372=DIRECTION('',(0.,-1.,0.));
#3373=DIRECTION('',(0.,0.,-1.));
#3374=DIRECTION('',(0.,1.,0.));
#3375=DIRECTION('',(0.,0.,1.));
#3376=DIRECTION('center_axis',(0.,0.,1.));
#3377=DIRECTION('ref_axis',(1.,0.,0.));
#3378=DIRECTION('',(-1.,0.,0.));
#3379=DIRECTION('',(1.,0.,0.));
#3380=DIRECTION('center_axis',(0.,-1.,0.));
#3381=DIRECTION('ref_axis',(0.,0.,-1.));
#3382=DIRECTION('',(0.,0.,1.));
#3383=DIRECTION('',(-1.,0.,0.));
#3384=DIRECTION('',(0.,0.,1.));
#3385=DIRECTION('center_axis',(0.,1.,0.));
#3386=DIRECTION('ref_axis',(-0.17358866738022,0.,-0.984818244427447));
#3387=DIRECTION('center_axis',(0.,-1.,0.));
#3388=DIRECTION('ref_axis',(-0.17358866738022,0.,-0.984818244427447));
#3389=DIRECTION('',(0.,1.,0.));
#3390=DIRECTION('center_axis',(0.,-1.,0.));
#3391=DIRECTION('ref_axis',(-0.17358866738022,0.,-0.984818244427447));
#3392=DIRECTION('center_axis',(0.547719976153554,0.,-0.836661716419695));
#3393=DIRECTION('ref_axis',(-0.836661716419695,0.,-0.547719976153554));
#3394=DIRECTION('',(0.836661716419695,0.,0.547719976153554));
#3395=DIRECTION('',(0.836661716419695,0.,0.547719976153554));
#3396=DIRECTION('center_axis',(0.,-1.,0.));
#3397=DIRECTION('ref_axis',(1.,0.,0.));
#3398=DIRECTION('',(-1.,0.,0.));
#3399=DIRECTION('',(0.,0.,1.));
#3400=DIRECTION('',(1.,0.,0.));
#3401=DIRECTION('center_axis',(0.,1.22464679914735E-16,-1.));
#3402=DIRECTION('ref_axis',(-1.,0.,0.));
#3403=DIRECTION('',(0.,-1.,0.));
#3404=DIRECTION('',(1.,0.,0.));
#3405=DIRECTION('',(0.,-1.,-1.22464679914735E-16));
#3406=DIRECTION('',(1.,0.,0.));
#3407=DIRECTION('',(0.,1.,5.16546812668343E-34));
#3408=DIRECTION('',(-1.,0.,-2.51512904100997E-25));
#3409=DIRECTION('',(2.05375869088975E-9,-1.,0.));
#3410=DIRECTION('center_axis',(0.,1.22464679914735E-16,-1.));
#3411=DIRECTION('ref_axis',(-1.,0.,0.));
#3412=DIRECTION('center_axis',(0.,1.,0.));
#3413=DIRECTION('ref_axis',(-1.,0.,0.));
#3414=DIRECTION('',(0.,0.,1.));
#3415=DIRECTION('',(1.,0.,0.));
#3416=DIRECTION('',(1.,0.,0.));
#3417=DIRECTION('',(0.,0.,-1.));
#3418=DIRECTION('center_axis',(0.,0.,-1.));
#3419=DIRECTION('ref_axis',(1.,0.,0.));
#3420=DIRECTION('',(0.,-1.,0.));
#3421=DIRECTION('',(-1.,0.,0.));
#3422=DIRECTION('center_axis',(0.,-1.,0.));
#3423=DIRECTION('ref_axis',(1.,0.,0.));
#3424=DIRECTION('',(-1.,0.,0.));
#3425=DIRECTION('',(0.,0.,1.));
#3426=DIRECTION('',(-1.,0.,0.));
#3427=DIRECTION('',(0.,0.,1.));
#3428=DIRECTION('center_axis',(0.,0.,1.));
#3429=DIRECTION('ref_axis',(-1.,0.,0.));
#3430=DIRECTION('',(0.,1.,0.));
#3431=DIRECTION('center_axis',(0.,0.,1.));
#3432=DIRECTION('ref_axis',(-1.,0.,0.));
#3433=DIRECTION('center_axis',(0.,0.,-1.));
#3434=DIRECTION('ref_axis',(-1.,0.,0.));
#3435=DIRECTION('center_axis',(0.,0.,-1.));
#3436=DIRECTION('ref_axis',(-1.,0.,0.));
#3437=DIRECTION('',(0.,0.,-1.));
#3438=DIRECTION('center_axis',(0.,0.,1.));
#3439=DIRECTION('ref_axis',(-1.,0.,0.));
#3440=DIRECTION('center_axis',(0.,0.,-1.));
#3441=DIRECTION('ref_axis',(-1.,0.,0.));
#3442=DIRECTION('center_axis',(0.,0.,-1.));
#3443=DIRECTION('ref_axis',(-1.,0.,0.));
#3444=DIRECTION('center_axis',(0.,1.22464679914735E-16,-1.));
#3445=DIRECTION('ref_axis',(-1.,0.,0.));
#3446=DIRECTION('',(0.,0.,-1.));
#3447=DIRECTION('center_axis',(0.,1.22464679914735E-16,-1.));
#3448=DIRECTION('ref_axis',(-1.,0.,0.));
#3449=DIRECTION('',(-1.,0.,0.));
#3450=DIRECTION('',(0.,-1.,-1.22464679914735E-16));
#3451=DIRECTION('',(0.,-1.,-1.22464679914735E-16));
#3452=DIRECTION('center_axis',(-1.,0.,0.));
#3453=DIRECTION('ref_axis',(0.,0.,1.));
#3454=DIRECTION('',(0.,1.,0.));
#3455=DIRECTION('',(0.,0.,-1.));
#3456=DIRECTION('',(0.,-1.,0.));
#3457=DIRECTION('center_axis',(-1.,0.,0.));
#3458=DIRECTION('ref_axis',(0.,0.,1.));
#3459=DIRECTION('',(0.,1.,0.));
#3460=DIRECTION('',(0.,0.,1.));
#3461=DIRECTION('',(0.,-1.,0.));
#3462=DIRECTION('',(0.,0.,-1.));
#3463=DIRECTION('',(0.,1.,0.));
#3464=DIRECTION('',(0.,0.,1.));
#3465=DIRECTION('center_axis',(0.,0.,1.));
#3466=DIRECTION('ref_axis',(0.,-1.,0.));
#3467=DIRECTION('',(-1.,0.,0.));
#3468=DIRECTION('',(1.,0.,0.));
#3469=DIRECTION('',(0.,-1.,0.));
#3470=DIRECTION('',(1.,0.,0.));
#3471=DIRECTION('',(1.,0.,0.));
#3472=DIRECTION('',(0.,-1.,0.));
#3473=DIRECTION('center_axis',(0.,0.,1.));
#3474=DIRECTION('ref_axis',(1.,0.,0.));
#3475=DIRECTION('',(1.,0.,0.));
#3476=DIRECTION('center_axis',(0.,-1.,0.));
#3477=DIRECTION('ref_axis',(0.,0.,1.));
#3478=DIRECTION('',(0.,0.,1.));
#3479=DIRECTION('center_axis',(0.,-1.,0.));
#3480=DIRECTION('ref_axis',(0.,0.,1.));
#3481=DIRECTION('center_axis',(0.,1.,0.));
#3482=DIRECTION('ref_axis',(1.,0.,0.));
#3483=DIRECTION('',(0.,0.,-1.));
#3484=DIRECTION('',(1.,0.,0.));
#3485=DIRECTION('',(0.,0.,-1.));
#3486=DIRECTION('',(0.,0.,1.));
#3487=DIRECTION('',(1.,0.,0.));
#3488=DIRECTION('center_axis',(0.,0.,1.));
#3489=DIRECTION('ref_axis',(0.,-1.,0.));
#3490=DIRECTION('',(-1.,0.,0.));
#3491=DIRECTION('',(0.,-1.,0.));
#3492=DIRECTION('center_axis',(0.,0.,1.));
#3493=DIRECTION('ref_axis',(1.,0.,0.));
#3494=DIRECTION('',(1.,0.,0.));
#3495=DIRECTION('',(0.,1.,0.));
#3496=DIRECTION('center_axis',(0.,-1.,0.));
#3497=DIRECTION('ref_axis',(1.,0.,0.));
#3498=DIRECTION('',(0.,0.,1.));
#3499=DIRECTION('center_axis',(1.,0.,0.));
#3500=DIRECTION('ref_axis',(0.,0.,-1.));
#3501=DIRECTION('',(0.,0.,-1.));
#3502=DIRECTION('',(0.,1.,0.));
#3503=DIRECTION('center_axis',(0.,-1.,0.));
#3504=DIRECTION('ref_axis',(-1.,0.,0.));
#3505=DIRECTION('center_axis',(0.,0.,-1.));
#3506=DIRECTION('ref_axis',(0.,1.,0.));
#3507=DIRECTION('',(1.,0.,0.));
#3508=DIRECTION('',(0.,-1.,0.));
#3509=DIRECTION('',(-1.,0.,0.));
#3510=DIRECTION('center_axis',(0.,-1.,0.));
#3511=DIRECTION('ref_axis',(-1.,0.,0.));
#3512=DIRECTION('',(0.,0.,1.));
#3513=DIRECTION('',(1.,0.,0.));
#3514=DIRECTION('center_axis',(1.,2.05375869088975E-9,0.));
#3515=DIRECTION('ref_axis',(0.,0.,1.));
#3516=DIRECTION('',(0.,0.,-1.));
#3517=DIRECTION('',(0.,0.,1.));
#3518=DIRECTION('',(2.05375869088975E-9,-1.,0.));
#3519=DIRECTION('center_axis',(0.,1.,0.));
#3520=DIRECTION('ref_axis',(0.,0.,1.));
#3521=DIRECTION('',(0.,0.,-1.));
#3522=DIRECTION('',(1.,0.,0.));
#3523=DIRECTION('',(0.,0.,-1.));
#3524=DIRECTION('',(1.,0.,0.));
#3525=DIRECTION('center_axis',(0.,1.,0.));
#3526=DIRECTION('ref_axis',(1.,0.,0.));
#3527=DIRECTION('',(1.,0.,0.));
#3528=DIRECTION('',(0.,0.,-1.));
#3529=DIRECTION('',(1.,0.,0.));
#3530=DIRECTION('center_axis',(1.,0.,0.));
#3531=DIRECTION('ref_axis',(0.,-1.,0.));
#3532=DIRECTION('',(0.,-1.,0.));
#3533=DIRECTION('',(0.,0.,-1.));
#3534=DIRECTION('',(0.,-1.,0.));
#3535=DIRECTION('center_axis',(0.,-1.,0.));
#3536=DIRECTION('ref_axis',(-1.,0.,0.));
#3537=DIRECTION('',(-1.,0.,0.));
#3538=DIRECTION('',(-1.,0.,0.));
#3539=DIRECTION('center_axis',(0.,0.,1.));
#3540=DIRECTION('ref_axis',(-1.,0.,0.));
#3541=DIRECTION('',(0.,-1.,0.));
#3542=DIRECTION('center_axis',(0.,0.,1.));
#3543=DIRECTION('ref_axis',(-1.,0.,0.));
#3544=DIRECTION('',(0.,-1.,0.));
#3545=DIRECTION('center_axis',(1.,0.,0.));
#3546=DIRECTION('ref_axis',(0.,-1.,0.));
#3547=DIRECTION('center_axis',(1.,0.,0.));
#3548=DIRECTION('ref_axis',(0.,-1.,0.));
#3549=DIRECTION('',(1.,0.,0.));
#3550=DIRECTION('center_axis',(-1.,0.,0.));
#3551=DIRECTION('ref_axis',(0.,-1.,0.));
#3552=DIRECTION('center_axis',(0.,0.,1.));
#3553=DIRECTION('ref_axis',(0.,-1.,0.));
#3554=DIRECTION('center_axis',(0.,0.,1.));
#3555=DIRECTION('ref_axis',(0.,-1.,0.));
#3556=DIRECTION('center_axis',(0.,0.,1.));
#3557=DIRECTION('ref_axis',(0.,-1.,0.));
#3558=DIRECTION('center_axis',(0.,0.,1.));
#3559=DIRECTION('ref_axis',(0.,-1.,0.));
#3560=DIRECTION('center_axis',(-1.,0.,0.));
#3561=DIRECTION('ref_axis',(0.,-1.,0.));
#3562=DIRECTION('',(0.,1.,0.));
#3563=DIRECTION('',(0.,0.,1.));
#3564=DIRECTION('',(0.,0.,1.));
#3565=DIRECTION('center_axis',(0.999999999997352,0.,2.30109884994518E-6));
#3566=DIRECTION('ref_axis',(-2.30109884994518E-6,0.,0.999999999997353));
#3567=DIRECTION('',(2.30109884994518E-6,0.,-0.999999999997353));
#3568=DIRECTION('',(0.,1.,0.));
#3569=DIRECTION('',(2.30109884994518E-6,0.,-0.999999999997353));
#3570=DIRECTION('',(0.,-1.,0.));
#3571=DIRECTION('center_axis',(0.,0.,1.));
#3572=DIRECTION('ref_axis',(-1.,0.,0.));
#3573=DIRECTION('',(1.,0.,0.));
#3574=DIRECTION('',(1.,0.,0.));
#3575=DIRECTION('',(0.,-1.,0.));
#3576=DIRECTION('center_axis',(-0.707106781186548,0.,0.707106781186548));
#3577=DIRECTION('ref_axis',(-0.707106781186548,0.,-0.707106781186548));
#3578=DIRECTION('',(0.,-1.,0.));
#3579=DIRECTION('',(0.707106781186548,0.,0.707106781186548));
#3580=DIRECTION('',(0.707106781186548,0.,0.707106781186548));
#3581=DIRECTION('center_axis',(0.,-1.,0.));
#3582=DIRECTION('ref_axis',(-1.,0.,0.));
#3583=DIRECTION('',(0.707106781186548,0.,-0.707106781186548));
#3584=DIRECTION('',(-1.,0.,0.));
#3585=DIRECTION('center_axis',(0.,-1.,0.));
#3586=DIRECTION('ref_axis',(0.,0.,-1.));
#3587=DIRECTION('',(0.,0.,1.));
#3588=DIRECTION('center_axis',(0.,0.,1.));
#3589=DIRECTION('ref_axis',(0.,-1.,0.));
#3590=DIRECTION('',(-1.,0.,0.));
#3591=DIRECTION('',(0.,-1.,0.));
#3592=DIRECTION('',(-1.,-2.05375871864533E-9,0.));
#3593=DIRECTION('',(0.,-1.,0.));
#3594=DIRECTION('',(0.,-1.,0.));
#3595=DIRECTION('',(0.,-1.,0.));
#3596=DIRECTION('',(1.,0.,0.));
#3597=DIRECTION('',(0.,1.,0.));
#3598=DIRECTION('center_axis',(1.,0.,0.));
#3599=DIRECTION('ref_axis',(0.,0.,-1.));
#3600=DIRECTION('',(0.,1.,0.));
#3601=DIRECTION('',(0.,0.,-1.));
#3602=DIRECTION('center_axis',(0.,-1.,0.));
#3603=DIRECTION('ref_axis',(0.,0.,-1.));
#3604=DIRECTION('center_axis',(0.,1.,0.));
#3605=DIRECTION('ref_axis',(0.,0.,-1.));
#3606=DIRECTION('center_axis',(1.,0.,0.));
#3607=DIRECTION('ref_axis',(0.,0.,-1.));
#3608=DIRECTION('',(0.,0.,1.));
#3609=DIRECTION('',(0.,1.,0.));
#3610=DIRECTION('center_axis',(0.,1.,0.));
#3611=DIRECTION('ref_axis',(1.,0.,0.));
#3612=DIRECTION('',(-1.,0.,0.));
#3613=DIRECTION('center_axis',(1.,0.,0.));
#3614=DIRECTION('ref_axis',(0.,-1.,0.));
#3615=DIRECTION('',(0.,0.,-1.));
#3616=DIRECTION('',(0.,0.,1.));
#3617=DIRECTION('',(0.,-1.,0.));
#3618=DIRECTION('center_axis',(0.,1.,0.));
#3619=DIRECTION('ref_axis',(0.,0.,1.));
#3620=DIRECTION('',(1.,0.,0.));
#3621=DIRECTION('',(0.,0.,1.));
#3622=DIRECTION('center_axis',(1.,0.,0.));
#3623=DIRECTION('ref_axis',(0.,-1.,0.));
#3624=DIRECTION('',(0.,0.,-1.));
#3625=DIRECTION('',(0.,-1.,0.));
#3626=DIRECTION('',(0.,0.,1.));
#3627=DIRECTION('center_axis',(0.,-1.,0.));
#3628=DIRECTION('ref_axis',(-1.,0.,0.));
#3629=DIRECTION('',(0.,0.,-1.));
#3630=DIRECTION('',(-1.,0.,0.));
#3631=DIRECTION('center_axis',(-1.,0.,0.));
#3632=DIRECTION('ref_axis',(0.,1.,0.));
#3633=DIRECTION('',(0.,0.,1.));
#3634=DIRECTION('',(0.,0.,1.));
#3635=DIRECTION('',(0.,1.,0.));
#3636=DIRECTION('center_axis',(0.,-1.,0.));
#3637=DIRECTION('ref_axis',(0.,0.,-1.));
#3638=DIRECTION('',(1.,0.,0.));
#3639=DIRECTION('',(0.,0.,-1.));
#3640=DIRECTION('center_axis',(-1.,0.,0.));
#3641=DIRECTION('ref_axis',(0.,0.,1.));
#3642=DIRECTION('',(0.,0.,1.));
#3643=DIRECTION('',(0.,1.,0.));
#3644=DIRECTION('',(0.,0.,1.));
#3645=DIRECTION('center_axis',(-1.,0.,0.));
#3646=DIRECTION('ref_axis',(0.,0.,1.));
#3647=DIRECTION('',(0.,0.,1.));
#3648=DIRECTION('',(0.,-1.,0.));
#3649=DIRECTION('',(0.,0.,-1.));
#3650=DIRECTION('',(0.,0.,1.));
#3651=DIRECTION('',(0.,1.,0.));
#3652=DIRECTION('center_axis',(0.,-1.,0.));
#3653=DIRECTION('ref_axis',(0.,0.,-1.));
#3654=DIRECTION('',(1.,0.,0.));
#3655=DIRECTION('center_axis',(0.,1.,0.));
#3656=DIRECTION('ref_axis',(-1.,0.,0.));
#3657=DIRECTION('',(1.,0.,0.));
#3658=DIRECTION('',(0.,0.,1.));
#3659=DIRECTION('center_axis',(1.,0.,0.));
#3660=DIRECTION('ref_axis',(0.,0.,1.));
#3661=DIRECTION('',(0.,0.,-1.));
#3662=DIRECTION('',(0.,0.,1.));
#3663=DIRECTION('',(0.,0.,1.));
#3664=DIRECTION('',(0.,1.,0.));
#3665=DIRECTION('',(0.,0.,1.));
#3666=DIRECTION('center_axis',(0.,1.,0.));
#3667=DIRECTION('ref_axis',(-1.,0.,0.));
#3668=DIRECTION('',(1.,0.,0.));
#3669=DIRECTION('center_axis',(0.,1.,0.));
#3670=DIRECTION('ref_axis',(1.,0.,0.));
#3671=DIRECTION('',(-0.707106781186548,0.,0.707106781186548));
#3672=DIRECTION('center_axis',(0.707106781186548,0.,0.707106781186548));
#3673=DIRECTION('ref_axis',(-0.707106781186548,0.,0.707106781186548));
#3674=DIRECTION('center_axis',(-7.81569342578335E-8,0.999999999999997,0.));
#3675=DIRECTION('ref_axis',(-0.999999999999997,-7.81569342578335E-8,0.));
#3676=DIRECTION('',(-0.999999999999997,-7.81569342578335E-8,0.));
#3677=DIRECTION('center_axis',(6.67983120547686E-8,0.999999999999998,0.));
#3678=DIRECTION('ref_axis',(-0.999999999999998,6.67983120547686E-8,0.));
#3679=DIRECTION('',(-0.999999999999998,6.67983120547685E-8,0.));
#3680=DIRECTION('center_axis',(-9.1699453500601E-9,1.,0.));
#3681=DIRECTION('ref_axis',(-1.,-9.1699453500601E-9,0.));
#3682=DIRECTION('',(-1.,-9.1699453500601E-9,0.));
#3683=DIRECTION('center_axis',(5.58793523952605E-8,0.999999999999998,0.));
#3684=DIRECTION('ref_axis',(-0.999999999999998,5.58793523952605E-8,0.));
#3685=DIRECTION('',(-0.999999999999998,5.58793523952605E-8,0.));
#3686=DIRECTION('center_axis',(0.999999999999894,4.60182913171194E-7,0.));
#3687=DIRECTION('ref_axis',(-4.60182913171194E-7,0.999999999999894,0.));
#3688=DIRECTION('',(-4.60182913171194E-7,0.999999999999894,0.));
#3689=DIRECTION('center_axis',(0.,0.,1.));
#3690=DIRECTION('ref_axis',(1.,0.,0.));
#3691=CARTESIAN_POINT('',(0.,0.,0.));
#3692=CARTESIAN_POINT('Origin',(35.7500008940697,17.9000000372529,23.5000002831221));
#3693=CARTESIAN_POINT('',(69.600001847744,72.400000551343,23.5000002831221));
#3694=CARTESIAN_POINT('Origin',(66.500001847744,72.400000551343,23.5000002831221));
#3695=CARTESIAN_POINT('Origin',(66.500001847744,72.400000551343,24.0000002831221));
#3696=CARTESIAN_POINT('',(69.600001847744,72.400000551343,21.1000002831221));
#3697=CARTESIAN_POINT('',(69.600001847744,72.400000551343,24.0000002831221));
#3698=CARTESIAN_POINT('Origin',(66.500001847744,72.400000551343,21.1000002831221));
#3699=CARTESIAN_POINT('Origin',(66.500001847744,72.400000551343,21.1000002831221));
#3700=CARTESIAN_POINT('Origin',(35.7500008940697,17.9000000372529,23.5000002831221));
#3701=CARTESIAN_POINT('',(69.600001847744,-36.6000005215407,23.5000002831221));
#3702=CARTESIAN_POINT('Origin',(66.500001847744,-36.6000005215407,23.5000002831221));
#3703=CARTESIAN_POINT('Origin',(66.500001847744,-36.6000005215407,24.0000002831221));
#3704=CARTESIAN_POINT('',(69.600001847744,-36.6000005215407,21.1000002831221));
#3705=CARTESIAN_POINT('',(69.600001847744,-36.6000005215407,24.0000002831221));
#3706=CARTESIAN_POINT('Origin',(66.500001847744,-36.6000005215407,21.1000002831221));
#3707=CARTESIAN_POINT('Origin',(66.500001847744,-36.6000005215407,21.1000002831221));
#3708=CARTESIAN_POINT('Origin',(4.99999997019768,72.4000005960465,21.1000002831221));
#3709=CARTESIAN_POINT('',(8.09999997019768,72.4000005960465,21.1000002831221));
#3710=CARTESIAN_POINT('Origin',(4.99999997019768,72.4000005960465,21.1000002831221));
#3711=CARTESIAN_POINT('Origin',(4.99999997019768,72.4000005960465,24.0000002831221));
#3712=CARTESIAN_POINT('',(8.09999997019768,72.4000005960465,23.5000002831221));
#3713=CARTESIAN_POINT('Origin',(4.99999997019768,72.4000005960465,23.5000002831221));
#3714=CARTESIAN_POINT('',(8.09999997019768,72.4000005960465,24.0000002831221));
#3715=CARTESIAN_POINT('Origin',(35.7500008940697,17.9000000372529,23.5000002831221));
#3716=CARTESIAN_POINT('Origin',(35.7500008940697,17.9000000372529,23.5000002831221));
#3717=CARTESIAN_POINT('',(8.09999994039536,-36.6000005215407,23.5000002831221));
#3718=CARTESIAN_POINT('Origin',(4.99999994039536,-36.6000005215407,23.5000002831221));
#3719=CARTESIAN_POINT('Origin',(4.99999994039536,-36.6000005215407,24.0000002831221));
#3720=CARTESIAN_POINT('',(8.09999994039536,-36.6000005215407,21.1000002831221));
#3721=CARTESIAN_POINT('',(8.09999994039536,-36.6000005215407,24.0000002831221));
#3722=CARTESIAN_POINT('Origin',(4.99999994039536,-36.6000005215407,21.1000002831221));
#3723=CARTESIAN_POINT('Origin',(4.99999994039536,-36.6000005215407,21.1000002831221));
#3724=CARTESIAN_POINT('Origin',(19.0000002831221,37.400000551343,19.0000002831221));
#3725=CARTESIAN_POINT('',(19.0000002831221,37.400000551343,2.00000028312206));
#3726=CARTESIAN_POINT('',(19.0000002831221,37.400000551343,23.5000002831221));
#3727=CARTESIAN_POINT('',(19.0000002831221,37.400000551343,19.0000002831221));
#3728=CARTESIAN_POINT('',(1.99999994039536,37.400000551343,2.00000028312206));
#3729=CARTESIAN_POINT('',(14.5000001117587,37.400000551343,2.00000002980232));
#3730=CARTESIAN_POINT('',(1.99999994039536,37.400000551343,24.1000002831221));
#3731=CARTESIAN_POINT('',(1.99999994039536,37.400000551343,19.0000002831221));
#3732=CARTESIAN_POINT('',(19.0000002831221,37.400000551343,24.1000002831221));
#3733=CARTESIAN_POINT('',(19.0000002831221,37.400000551343,24.1000002831221));
#3734=CARTESIAN_POINT('',(19.0000002831221,37.400000551343,23.5000002831221));
#3735=CARTESIAN_POINT('Origin',(1.99999994039536,37.000000551343,19.0000002831221));
#3736=CARTESIAN_POINT('',(1.99999994039536,67.4000005960465,2.00000028312206));
#3737=CARTESIAN_POINT('',(1.99999994039536,37.000000551343,2.00000028312206));
#3738=CARTESIAN_POINT('',(1.99999994039536,67.4000005960465,24.1000002831221));
#3739=CARTESIAN_POINT('',(1.99999994039536,67.4000005960465,19.0000002831221));
#3740=CARTESIAN_POINT('',(1.99999994039536,37.400000551343,24.1000002831221));
#3741=CARTESIAN_POINT('Origin',(1.99999994039536,67.4000005960465,19.0000002831221));
#3742=CARTESIAN_POINT('',(10.,67.4000005960465,2.00000028312206));
#3743=CARTESIAN_POINT('',(10.,67.4000005960465,2.00000028312206));
#3744=CARTESIAN_POINT('',(10.,67.4000005960465,24.1000002831221));
#3745=CARTESIAN_POINT('',(10.,67.4000005960465,19.0000002831221));
#3746=CARTESIAN_POINT('',(1.99999994039536,67.4000005960465,24.1000002831221));
#3747=CARTESIAN_POINT('Origin',(10.,67.4000005960465,19.0000002831221));
#3748=CARTESIAN_POINT('',(10.,75.4000005960465,2.00000028312206));
#3749=CARTESIAN_POINT('',(10.,77.4000005960465,2.00000028312206));
#3750=CARTESIAN_POINT('',(10.,75.4000005960465,24.1000002831221));
#3751=CARTESIAN_POINT('',(10.,75.4000005960465,19.0000002831221));
#3752=CARTESIAN_POINT('',(10.,67.4000005960465,24.1000002831221));
#3753=CARTESIAN_POINT('Origin',(30.6947243688964,35.1000001192093,2.00000002980232));
#3754=CARTESIAN_POINT('',(48.500001847744,35.1000001192093,9.55000002980232));
#3755=CARTESIAN_POINT('',(48.500001847744,35.1000001192093,2.00000028312206));
#3756=CARTESIAN_POINT('',(48.500001847744,35.1000001192093,19.0000002831221));
#3757=CARTESIAN_POINT('',(69.500001847744,35.1000001192093,2.00000002980232));
#3758=CARTESIAN_POINT('',(20.3473621546459,35.1000001192093,2.00000002980232));
#3759=CARTESIAN_POINT('',(69.500001847744,35.1000001192093,9.55000002980232));
#3760=CARTESIAN_POINT('',(69.500001847744,35.1000001192093,10.5000001564622));
#3761=CARTESIAN_POINT('',(69.500001847744,35.1000001192093,9.55000002980232));
#3762=CARTESIAN_POINT('Origin',(33.6947243688964,38.6700001192093,2.00000002980232));
#3763=CARTESIAN_POINT('',(35.1947243688964,38.6700001192093,9.55000002980232));
#3764=CARTESIAN_POINT('Origin',(33.6947243688964,38.6700001192093,9.55000002980232));
#3765=CARTESIAN_POINT('',(35.1947243688964,38.6700001192093,3.55000002980232));
#3766=CARTESIAN_POINT('',(35.1947243688964,38.6700001192093,2.00000002980232));
#3767=CARTESIAN_POINT('Origin',(33.6947243688964,38.6700001192093,3.55000002980232));
#3768=CARTESIAN_POINT('Origin',(66.3947243688964,38.6700001192093,2.00000002980232));
#3769=CARTESIAN_POINT('',(67.8947243688964,38.6700001192093,9.55000002980232));
#3770=CARTESIAN_POINT('Origin',(66.3947243688964,38.6700001192093,9.55000002980232));
#3771=CARTESIAN_POINT('',(67.8947243688964,38.6700001192093,3.55000002980232));
#3772=CARTESIAN_POINT('',(67.8947243688964,38.6700001192093,2.00000002980232));
#3773=CARTESIAN_POINT('Origin',(66.3947243688964,38.6700001192093,3.55000002980232));
#3774=CARTESIAN_POINT('Origin',(69.500001847744,42.2400001192093,2.00000002980232));
#3775=CARTESIAN_POINT('',(36.4897560535516,42.2400001192093,2.00000002980232));
#3776=CARTESIAN_POINT('',(69.500001847744,42.2400001192093,2.00000002980232));
#3777=CARTESIAN_POINT('',(39.7500008940697,42.2400001192093,2.00000002980232));
#3778=CARTESIAN_POINT('',(36.4897560535516,42.2400001192093,9.55000002980232));
#3779=CARTESIAN_POINT('',(36.4897560535516,42.2400001192093,2.00000002980232));
#3780=CARTESIAN_POINT('',(69.500001847744,42.2400001192093,9.55000002980232));
#3781=CARTESIAN_POINT('',(19.000001486589,42.2400001192093,9.55000002980232));
#3782=CARTESIAN_POINT('',(69.500001847744,42.2400001192093,10.5000001564622));
#3783=CARTESIAN_POINT('Origin',(30.6947243688964,35.1000001192093,2.00000002980232));
#3784=CARTESIAN_POINT('',(41.500001847744,35.1000001192093,2.00000028312206));
#3785=CARTESIAN_POINT('',(41.500001847744,35.1000001192093,9.55000002980232));
#3786=CARTESIAN_POINT('',(41.500001847744,35.1000001192093,19.0000002831221));
#3787=CARTESIAN_POINT('',(30.6947243688964,35.1000001192093,9.55000002980232));
#3788=CARTESIAN_POINT('',(69.500001847744,35.1000001192093,9.55000002980232));
#3789=CARTESIAN_POINT('',(30.6947243688964,35.1000001192093,2.00000002980232));
#3790=CARTESIAN_POINT('',(30.6947243688964,35.1000001192093,2.00000002980232));
#3791=CARTESIAN_POINT('',(20.3473621546459,35.1000001192093,2.00000002980232));
#3792=CARTESIAN_POINT('Origin',(30.6947243688964,40.6700001192093,2.00000002980232));
#3793=CARTESIAN_POINT('',(30.6947243688964,40.6700001192093,2.00000002980232));
#3794=CARTESIAN_POINT('',(30.6947243688964,37.3350003129244,2.00000002980232));
#3795=CARTESIAN_POINT('',(30.6947243688964,40.6700001192093,9.55000002980232));
#3796=CARTESIAN_POINT('',(30.6947243688964,40.6700001192093,9.55000002980232));
#3797=CARTESIAN_POINT('',(30.6947243688964,40.6700001192093,2.00000002980232));
#3798=CARTESIAN_POINT('Origin',(36.4897560535516,40.6700001192093,2.00000002980232));
#3799=CARTESIAN_POINT('',(36.4897560535516,40.6700001192093,2.00000002980232));
#3800=CARTESIAN_POINT('',(23.2448779969735,40.6700001192093,2.00000002980232));
#3801=CARTESIAN_POINT('',(36.4897560535516,40.6700001192093,9.55000002980232));
#3802=CARTESIAN_POINT('',(69.500001847744,40.6700001192093,9.55000002980232));
#3803=CARTESIAN_POINT('',(36.4897560535516,40.6700001192093,2.00000002980232));
#3804=CARTESIAN_POINT('Origin',(36.4897560535516,42.2400001192093,2.00000002980232));
#3805=CARTESIAN_POINT('',(36.4897560535516,38.1200003129244,2.00000002980232));
#3806=CARTESIAN_POINT('',(36.4897560535516,61.8300001192093,9.55000002980232));
#3807=CARTESIAN_POINT('Origin',(66.3947243688964,63.8300001192093,2.00000002980232));
#3808=CARTESIAN_POINT('',(67.8947243688964,63.8300001192093,9.55000002980232));
#3809=CARTESIAN_POINT('Origin',(66.3947243688964,63.8300001192093,9.55000002980232));
#3810=CARTESIAN_POINT('',(67.8947243688964,63.8300001192093,3.55000002980232));
#3811=CARTESIAN_POINT('',(67.8947243688964,63.8300001192093,2.00000002980232));
#3812=CARTESIAN_POINT('Origin',(66.3947243688964,63.8300001192093,3.55000002980232));
#3813=CARTESIAN_POINT('Origin',(33.6947243688964,63.8300001192093,2.00000002980232));
#3814=CARTESIAN_POINT('',(35.1947243688964,63.8300001192093,9.55000002980232));
#3815=CARTESIAN_POINT('Origin',(33.6947243688964,63.8300001192093,9.55000002980232));
#3816=CARTESIAN_POINT('',(35.1947243688964,63.8300001192093,3.55000002980232));
#3817=CARTESIAN_POINT('',(35.1947243688964,63.8300001192093,2.00000002980232));
#3818=CARTESIAN_POINT('Origin',(33.6947243688964,63.8300001192093,3.55000002980232));
#3819=CARTESIAN_POINT('Origin',(30.6947243688964,61.8300001192093,2.00000002980232));
#3820=CARTESIAN_POINT('',(36.4897560535516,61.8300001192093,2.00000002980232));
#3821=CARTESIAN_POINT('',(30.6947243688964,61.8300001192093,2.00000002980232));
#3822=CARTESIAN_POINT('',(20.3473621546459,61.8300001192093,2.00000002980232));
#3823=CARTESIAN_POINT('',(36.4897560535516,61.8300001192093,9.55000002980232));
#3824=CARTESIAN_POINT('',(36.4897560535516,61.8300001192093,2.00000002980232));
#3825=CARTESIAN_POINT('',(30.6947243688964,61.8300001192093,9.55000002980232));
#3826=CARTESIAN_POINT('',(69.500001847744,61.8300001192093,9.55000002980232));
#3827=CARTESIAN_POINT('',(30.6947243688964,61.8300001192093,2.00000002980232));
#3828=CARTESIAN_POINT('Origin',(30.6947243688964,67.4000005066395,2.00000002980232));
#3829=CARTESIAN_POINT('',(30.6947243688964,67.4000005066395,2.00000002980232));
#3830=CARTESIAN_POINT('',(30.6947243688964,50.7000005066395,2.00000002980232));
#3831=CARTESIAN_POINT('',(30.6947243688964,67.4000005066395,9.55000002980232));
#3832=CARTESIAN_POINT('',(30.6947243688964,66.8300001192093,9.55000002980232));
#3833=CARTESIAN_POINT('',(30.6947243688964,67.4000005066395,10.5000001564622));
#3834=CARTESIAN_POINT('Origin',(36.4897560535516,60.2600005066395,2.00000002980232));
#3835=CARTESIAN_POINT('',(69.500001847744,60.2600005066395,2.00000002980232));
#3836=CARTESIAN_POINT('',(36.4897560535516,60.2600005066395,2.00000002980232));
#3837=CARTESIAN_POINT('',(23.2448779969735,60.2600005066395,2.00000002980232));
#3838=CARTESIAN_POINT('',(69.500001847744,60.2600005066395,9.55000002980232));
#3839=CARTESIAN_POINT('',(69.500001847744,60.2600005066395,10.5000001564622));
#3840=CARTESIAN_POINT('',(36.4897560535516,60.2600005066395,9.55000002980232));
#3841=CARTESIAN_POINT('',(69.500001847744,60.2600005066395,9.55000002980232));
#3842=CARTESIAN_POINT('',(36.4897560535516,60.2600005066395,2.00000002980232));
#3843=CARTESIAN_POINT('Origin',(36.4897560535516,61.8300001192093,2.00000002980232));
#3844=CARTESIAN_POINT('',(36.4897560535516,47.9150003129244,2.00000002980232));
#3845=CARTESIAN_POINT('',(36.4897560535516,61.8300001192093,9.55000002980232));
#3846=CARTESIAN_POINT('Origin',(0.,35.1000001192093,19.0000002831221));
#3847=CARTESIAN_POINT('',(25.0486815541601,35.1000001192093,9.55000002980232));
#3848=CARTESIAN_POINT('',(41.500001847744,35.1000001192093,19.0000002831221));
#3849=CARTESIAN_POINT('',(41.500001847744,35.1000001192093,19.0000002831221));
#3850=CARTESIAN_POINT('',(48.500001847744,35.1000001192093,19.0000002831221));
#3851=CARTESIAN_POINT('',(52.5000012591481,35.1000001192093,19.0000002831221));
#3852=CARTESIAN_POINT('',(48.500001847744,35.1000001192093,19.0000002831221));
#3853=CARTESIAN_POINT('Origin',(53.400001854318,-3.50000000000001,6.00000008940697));
#3854=CARTESIAN_POINT('',(57.400001854318,-3.50000000000001,6.00000008940697));
#3855=CARTESIAN_POINT('',(53.400001854318,-3.50000000000001,2.00000008940696));
#3856=CARTESIAN_POINT('Origin',(53.400001854318,-3.50000000000001,6.00000008940697));
#3857=CARTESIAN_POINT('',(53.400001854318,-14.,2.00000008940696));
#3858=CARTESIAN_POINT('',(53.400001854318,-3.50000000000001,2.00000002980232));
#3859=CARTESIAN_POINT('',(57.400001854318,-14.,6.00000008940697));
#3860=CARTESIAN_POINT('Origin',(53.400001854318,-14.,6.00000008940697));
#3861=CARTESIAN_POINT('',(57.400001854318,-3.50000000000001,6.00000008940697));
#3862=CARTESIAN_POINT('Origin',(57.400001854318,-14.,17.4999999697625));
#3863=CARTESIAN_POINT('',(57.400001854318,-14.,17.4999999697625));
#3864=CARTESIAN_POINT('',(57.400001854318,-14.,17.4999999697625));
#3865=CARTESIAN_POINT('',(57.400001854318,-3.50000000000001,17.4999999697625));
#3866=CARTESIAN_POINT('',(57.400001854318,-3.50000000000001,17.4999999697625));
#3867=CARTESIAN_POINT('',(57.400001854318,-3.50000000000001,17.4999999697625));
#3868=CARTESIAN_POINT('Origin',(58.400001854318,-8.75000000000001,17.4999999697625));
#3869=CARTESIAN_POINT('',(59.5000008866191,-14.,17.4999999697625));
#3870=CARTESIAN_POINT('',(59.5000008866191,-3.50000005215406,17.4999999697625));
#3871=CARTESIAN_POINT('',(59.5000008866191,-6.12500002607703,17.4999999697625));
#3872=CARTESIAN_POINT('',(59.400001854318,-3.50000000000001,17.4999999697625));
#3873=CARTESIAN_POINT('',(57.400001854318,-14.,17.4999999697625));
#3874=CARTESIAN_POINT('Origin',(-5.9604644553346E-8,16.4000005960465,2.00000047683716));
#3875=CARTESIAN_POINT('',(-5.96046406675657E-8,77.4000005960465,2.83122061350838E-7));
#3876=CARTESIAN_POINT('',(-5.96046412226769E-8,77.4000005960465,24.1000002831221));
#3877=CARTESIAN_POINT('',(-5.96046406675657E-8,77.4000005960465,19.0000002831221));
#3878=CARTESIAN_POINT('',(-5.96046412226769E-8,-41.6000005215407,2.83122061350838E-7));
#3879=CARTESIAN_POINT('',(-5.96046501044611E-8,44.0000015497208,0.));
#3880=CARTESIAN_POINT('',(-5.96046406675654E-8,-41.6000005215407,24.1000002831221));
#3881=CARTESIAN_POINT('',(-5.96046406675657E-8,-41.6000005215407,19.0000002831221));
#3882=CARTESIAN_POINT('',(-5.96046406675657E-8,77.4000005960465,24.1000002831221));
#3883=CARTESIAN_POINT('',(0.,-26.0000003874302,4.00000005960464));
#3884=CARTESIAN_POINT('',(0.,-26.0000001341105,17.6999996043742));
#3885=CARTESIAN_POINT('',(0.,-26.0000001341105,17.4999996088445));
#3886=CARTESIAN_POINT('',(0.,-9.00000013411045,4.00000005960464));
#3887=CARTESIAN_POINT('',(0.,-2.,4.00000005960464));
#3888=CARTESIAN_POINT('',(0.,-9.00000013411045,17.6999996043742));
#3889=CARTESIAN_POINT('',(0.,-9.,17.4999996088445));
#3890=CARTESIAN_POINT('',(0.,-9.00000013411045,17.6999996043742));
#3891=CARTESIAN_POINT('',(-5.9604644553346E-8,7.00000010430813,16.0000002384186));
#3892=CARTESIAN_POINT('',(-5.9604644553346E-8,25.0000005960464,16.0000002384186));
#3893=CARTESIAN_POINT('',(-5.9604644553346E-8,7.00000010430813,16.0000002384186));
#3894=CARTESIAN_POINT('',(-5.9604644553346E-8,6.99999988079071,7.00000002980232));
#3895=CARTESIAN_POINT('',(-5.9604644553346E-8,6.99999988079071,2.00000002980232));
#3896=CARTESIAN_POINT('',(-5.9604644553346E-8,24.9999998807907,7.00000002980232));
#3897=CARTESIAN_POINT('',(-5.9604644553346E-8,24.9999998807907,7.00000002980232));
#3898=CARTESIAN_POINT('',(0.,25.0000005960464,2.00000047683716));
#3899=CARTESIAN_POINT('Origin',(48.500001847744,4.00000005960464,0.));
#3900=CARTESIAN_POINT('',(48.500001847744,28.0000001192093,19.0000002831221));
#3901=CARTESIAN_POINT('',(48.500001847744,34.7500001192093,19.0000002831221));
#3902=CARTESIAN_POINT('',(48.500001847744,28.0000001192093,2.00000047683716));
#3903=CARTESIAN_POINT('',(48.500001847744,28.0000001192093,12.4000004768372));
#3904=CARTESIAN_POINT('',(48.500001847744,34.3750003129244,2.00000002980232));
#3905=CARTESIAN_POINT('Origin',(42.5000006258488,28.0000001192093,14.9000000953674));
#3906=CARTESIAN_POINT('',(42.5000006258488,28.0000001192093,14.9000000953674));
#3907=CARTESIAN_POINT('',(42.5000006258488,28.0000001192093,16.0000002384186));
#3908=CARTESIAN_POINT('',(42.5000006258488,28.0000001192093,14.9000000953674));
#3909=CARTESIAN_POINT('',(42.5000006258488,32.7500001192093,16.0000002384186));
#3910=CARTESIAN_POINT('',(42.5000006258488,28.0000001192093,16.0000002384186));
#3911=CARTESIAN_POINT('',(42.5000006258488,32.7500001192093,14.9000000953674));
#3912=CARTESIAN_POINT('',(42.5000006258488,32.7500001192093,14.9000000953674));
#3913=CARTESIAN_POINT('',(42.5000006258488,28.0000001192093,14.9000000953674));
#3914=CARTESIAN_POINT('Origin',(43.5000006258488,28.0000001192093,14.9000000953674));
#3915=CARTESIAN_POINT('',(43.5000006258488,28.0000001192093,13.9000000953674));
#3916=CARTESIAN_POINT('Origin',(43.5000006258488,28.0000001192093,14.9000000953674));
#3917=CARTESIAN_POINT('',(43.5000006258488,32.7500001192093,13.9000000953674));
#3918=CARTESIAN_POINT('Origin',(43.5000006258488,32.7500001192093,14.9000000953674));
#3919=CARTESIAN_POINT('',(43.5000006258488,28.0000001192093,13.9000000953674));
#3920=CARTESIAN_POINT('Origin',(43.999998986721,28.0000001192093,13.9000000953674));
#3921=CARTESIAN_POINT('',(43.999998986721,28.0000001192093,13.9000000953674));
#3922=CARTESIAN_POINT('',(43.999998986721,28.0000001192093,13.9000000953674));
#3923=CARTESIAN_POINT('',(43.999998986721,32.7500001192093,13.9000000953674));
#3924=CARTESIAN_POINT('',(43.999998986721,32.7500001192093,13.9000000953674));
#3925=CARTESIAN_POINT('',(43.999998986721,28.0000001192093,13.9000000953674));
#3926=CARTESIAN_POINT('Origin',(43.999998986721,28.0000001192093,12.4000000953674));
#3927=CARTESIAN_POINT('',(43.999998986721,28.0000001192093,12.4000000953674));
#3928=CARTESIAN_POINT('',(43.999998986721,28.0000001192093,12.4000000953674));
#3929=CARTESIAN_POINT('',(43.999998986721,32.7500001192093,12.4000000953674));
#3930=CARTESIAN_POINT('',(43.999998986721,32.7500001192093,12.4000000953674));
#3931=CARTESIAN_POINT('',(43.999998986721,28.0000001192093,12.4000000953674));
#3932=CARTESIAN_POINT('Origin',(41.500001847744,28.0000001192093,12.4000004768372));
#3933=CARTESIAN_POINT('',(41.500001847744,28.0000001192093,12.4000004768372));
#3934=CARTESIAN_POINT('',(41.500001847744,28.0000001192093,12.4000004768372));
#3935=CARTESIAN_POINT('',(41.500001847744,32.7500001192093,12.4000004768372));
#3936=CARTESIAN_POINT('',(41.500001847744,32.7500001192093,12.4000004768372));
#3937=CARTESIAN_POINT('',(41.500001847744,28.0000001192093,12.4000004768372));
#3938=CARTESIAN_POINT('Origin',(42.5000006258488,28.0000001192093,16.0000002384186));
#3939=CARTESIAN_POINT('',(45.5000006705523,28.0000001192093,19.0000002831221));
#3940=CARTESIAN_POINT('',(45.5000006705523,28.0000001192093,19.0000002831221));
#3941=CARTESIAN_POINT('',(45.5000006705523,32.7500001192093,19.0000002831221));
#3942=CARTESIAN_POINT('',(45.5000006705523,28.0000001192093,19.0000002831221));
#3943=CARTESIAN_POINT('',(45.5000006705523,32.7500001192093,19.0000002831221));
#3944=CARTESIAN_POINT('Origin',(45.000001847744,28.0000001192093,10.5000003799796));
#3945=CARTESIAN_POINT('',(41.500001847744,28.0000001192093,2.00000047683716));
#3946=CARTESIAN_POINT('',(41.500001847744,28.0000001192093,2.00000047683716));
#3947=CARTESIAN_POINT('',(22.5000008940697,28.0000001192093,2.00000002980232));
#3948=CARTESIAN_POINT('',(45.5000006705523,28.0000001192093,19.0000002831221));
#3949=CARTESIAN_POINT('Origin',(45.000001847744,6.00000011920929,10.5000003799796));
#3950=CARTESIAN_POINT('',(45.5000006705523,6.00000011920929,19.0000002831221));
#3951=CARTESIAN_POINT('',(42.5000006258488,6.00000011920929,16.0000002384186));
#3952=CARTESIAN_POINT('',(45.5000006705523,6.00000011920929,19.0000002831221));
#3953=CARTESIAN_POINT('',(48.500001847744,6.00000011920929,19.0000002831221));
#3954=CARTESIAN_POINT('',(45.5000006705523,6.00000011920929,19.0000002831221));
#3955=CARTESIAN_POINT('',(48.500001847744,6.00000011920929,2.00000047683716));
#3956=CARTESIAN_POINT('',(48.500001847744,6.00000011920929,12.4000004768372));
#3957=CARTESIAN_POINT('',(41.500001847744,6.00000011920929,2.00000047683716));
#3958=CARTESIAN_POINT('',(22.5000008940697,6.00000011920929,2.00000002980232));
#3959=CARTESIAN_POINT('',(41.500001847744,6.00000011920929,12.4000004768372));
#3960=CARTESIAN_POINT('',(41.500001847744,6.00000011920929,2.00000047683716));
#3961=CARTESIAN_POINT('',(43.999998986721,6.00000011920929,12.4000000953674));
#3962=CARTESIAN_POINT('',(41.500001847744,6.00000011920929,12.4000004768372));
#3963=CARTESIAN_POINT('',(43.999998986721,6.00000011920929,13.9000000953674));
#3964=CARTESIAN_POINT('',(43.999998986721,6.00000011920929,12.4000000953674));
#3965=CARTESIAN_POINT('',(43.5000006258488,6.00000011920929,13.9000000953674));
#3966=CARTESIAN_POINT('',(43.999998986721,6.00000011920929,13.9000000953674));
#3967=CARTESIAN_POINT('',(42.5000006258488,6.00000011920929,14.9000000953674));
#3968=CARTESIAN_POINT('Origin',(43.5000006258488,6.00000011920929,14.9000000953674));
#3969=CARTESIAN_POINT('',(42.5000006258488,6.00000011920929,14.9000000953674));
#3970=CARTESIAN_POINT('Origin',(45.5000006705523,6.00000011920929,19.0000002831221));
#3971=CARTESIAN_POINT('',(42.5000006258488,1.25000011920929,16.0000002384186));
#3972=CARTESIAN_POINT('',(42.5000006258488,6.00000011920929,16.0000002384186));
#3973=CARTESIAN_POINT('',(45.5000006705523,1.25000011920929,19.0000002831221));
#3974=CARTESIAN_POINT('',(45.5000006705523,1.25000011920929,19.0000002831221));
#3975=CARTESIAN_POINT('',(45.5000006705523,6.00000011920929,19.0000002831221));
#3976=CARTESIAN_POINT('Origin',(42.5000006258488,6.00000011920929,16.0000002384186));
#3977=CARTESIAN_POINT('',(42.5000006258488,1.25000011920929,14.9000000953674));
#3978=CARTESIAN_POINT('',(42.5000006258488,6.00000011920929,14.9000000953674));
#3979=CARTESIAN_POINT('',(42.5000006258488,1.25000011920929,14.9000000953674));
#3980=CARTESIAN_POINT('Origin',(43.5000006258488,6.00000011920929,14.9000000953674));
#3981=CARTESIAN_POINT('',(43.5000006258488,1.25000011920929,13.9000000953674));
#3982=CARTESIAN_POINT('',(43.5000006258488,6.00000011920929,13.9000000953674));
#3983=CARTESIAN_POINT('Origin',(43.5000006258488,1.25000011920929,14.9000000953674));
#3984=CARTESIAN_POINT('Origin',(43.5000006258488,6.00000011920929,13.9000000953674));
#3985=CARTESIAN_POINT('',(43.999998986721,1.25000011920929,13.9000000953674));
#3986=CARTESIAN_POINT('',(43.999998986721,6.00000011920929,13.9000000953674));
#3987=CARTESIAN_POINT('',(43.999998986721,1.25000011920929,13.9000000953674));
#3988=CARTESIAN_POINT('Origin',(43.999998986721,6.00000011920929,13.9000000953674));
#3989=CARTESIAN_POINT('',(43.999998986721,1.25000011920929,12.4000000953674));
#3990=CARTESIAN_POINT('',(43.999998986721,6.00000011920929,12.4000000953674));
#3991=CARTESIAN_POINT('',(43.999998986721,1.25000011920929,12.4000000953674));
#3992=CARTESIAN_POINT('Origin',(43.999998986721,6.00000011920929,12.4000004768372));
#3993=CARTESIAN_POINT('',(41.500001847744,1.25000011920929,12.4000004768372));
#3994=CARTESIAN_POINT('',(41.500001847744,6.00000011920929,12.4000004768372));
#3995=CARTESIAN_POINT('',(41.500001847744,1.25000011920929,12.4000004768372));
#3996=CARTESIAN_POINT('Origin',(48.500001847744,6.00000011920929,19.0000002831221));
#3997=CARTESIAN_POINT('',(41.499998986721,1.25,19.0000000298023));
#3998=CARTESIAN_POINT('',(41.499998986721,-2.,19.0000002831221));
#3999=CARTESIAN_POINT('',(41.499998986721,0.,19.0000000298023));
#4000=CARTESIAN_POINT('',(48.5000007301569,-2.,19.0000000298023));
#4001=CARTESIAN_POINT('',(48.5000007301569,-2.,19.0000000298023));
#4002=CARTESIAN_POINT('',(48.5000007301569,0.,19.0000000298023));
#4003=CARTESIAN_POINT('',(41.499998986721,1.25,19.0000000298023));
#4004=CARTESIAN_POINT('Origin',(48.5000007152557,1.25,2.00000002980232));
#4005=CARTESIAN_POINT('',(41.499998986721,1.25,2.00000002980232));
#4006=CARTESIAN_POINT('Origin',(24.0000003352761,-2.,1.00000001490116));
#4007=CARTESIAN_POINT('',(41.499998986721,-2.,4.00000005960464));
#4008=CARTESIAN_POINT('',(41.499998986721,-2.,1.50000002235174));
#4009=CARTESIAN_POINT('',(41.499998986721,-2.,2.00000002980232));
#4010=CARTESIAN_POINT('',(41.500001847744,-2.,7.20000025331974));
#4011=CARTESIAN_POINT('',(48.500001847744,-2.,2.00000002980232));
#4012=CARTESIAN_POINT('',(12.0000001378357,-2.,2.00000002980232));
#4013=CARTESIAN_POINT('',(48.5000007301569,-2.,0.));
#4014=CARTESIAN_POINT('Origin',(41.500001847744,6.00000011920929,12.4000004768372));
#4015=CARTESIAN_POINT('',(41.500001847744,20.0000003129244,2.00000002980232));
#4016=CARTESIAN_POINT('Origin',(48.500001847744,4.00000005960464,0.));
#4017=CARTESIAN_POINT('',(48.500001847744,19.0000002831221,2.00000002980232));
#4018=CARTESIAN_POINT('Origin',(6.34999984502792,30.0500015497208,13.0000007152557));
#4019=CARTESIAN_POINT('',(4.12699994039535,30.0500015497208,13.0000007152557));
#4020=CARTESIAN_POINT('',(4.12699994039535,32.7500015497208,13.0000007152557));
#4021=CARTESIAN_POINT('',(4.12699994039535,27.5250010728836,13.0000007152557));
#4022=CARTESIAN_POINT('',(6.34999984502792,30.0500015497208,13.0000007152557));
#4023=CARTESIAN_POINT('',(6.34999984502792,30.0500015497208,13.0000007152557));
#4024=CARTESIAN_POINT('',(6.34999984502792,32.7500015497208,13.0000007152557));
#4025=CARTESIAN_POINT('',(6.34999984502792,32.7500015497208,13.0000007152557));
#4026=CARTESIAN_POINT('',(6.34999984502792,32.7500015497208,13.0000007152557));
#4027=CARTESIAN_POINT('Origin',(4.30664179108956,25.0000005960464,14.9254794902354));
#4028=CARTESIAN_POINT('',(4.96007230227437,32.7500015497208,14.1229919635416));
#4029=CARTESIAN_POINT('',(4.98703564798851,32.7500015497208,14.1457219234619));
#4030=CARTESIAN_POINT('Origin',(4.30664179108956,32.7500015497208,14.9254794902354));
#4031=CARTESIAN_POINT('',(4.98703564798851,25.0000005960464,14.1457219234619));
#4032=CARTESIAN_POINT('',(4.98703564798851,25.0000005960464,14.1457219234619));
#4033=CARTESIAN_POINT('',(4.96007230227437,25.0000005960464,14.1229919635416));
#4034=CARTESIAN_POINT('Origin',(4.30664179108956,25.0000005960464,14.9254794902354));
#4035=CARTESIAN_POINT('',(4.96007230227437,25.0000005960464,14.1229919635416));
#4036=CARTESIAN_POINT('Origin',(5.12083024609221,25.0000005960464,14.2866878002559));
#4037=CARTESIAN_POINT('',(5.12083024609221,32.7500015497208,14.2866878002559));
#4038=CARTESIAN_POINT('',(5.09085902071883,32.7500015497208,14.2551101422396));
#4039=CARTESIAN_POINT('',(5.12083024609221,25.0000005960464,14.2866878002559));
#4040=CARTESIAN_POINT('',(5.12083024609221,25.0000005960464,14.2866878002559));
#4041=CARTESIAN_POINT('',(4.97430616617203,25.0000005960464,14.1323101520538));
#4042=CARTESIAN_POINT('Origin',(4.30664179108956,25.0000005960464,14.9254794902354));
#4043=CARTESIAN_POINT('',(5.14212656559106,32.7500015497208,14.314805391372));
#4044=CARTESIAN_POINT('Origin',(4.30664179108956,32.7500015497208,14.9254794902354));
#4045=CARTESIAN_POINT('',(5.14212656559106,25.0000005960464,14.314805391372));
#4046=CARTESIAN_POINT('',(5.14212656559106,25.0000005960464,14.314805391372));
#4047=CARTESIAN_POINT('Origin',(4.30664179108956,25.0000005960464,14.9254794902354));
#4048=CARTESIAN_POINT('Origin',(5.25000029802322,25.0000005960464,14.5000004768372));
#4049=CARTESIAN_POINT('',(5.25000029802322,32.7500015497208,14.5000004768372));
#4050=CARTESIAN_POINT('',(5.06314387298598,32.7500015497208,14.1792097632476));
#4051=CARTESIAN_POINT('',(5.25000029802322,25.0000005960464,14.5000004768372));
#4052=CARTESIAN_POINT('',(5.25000029802322,25.0000005960464,14.5000004768372));
#4053=CARTESIAN_POINT('',(5.13356202840805,25.0000005960464,14.3001019954681));
#4054=CARTESIAN_POINT('Origin',(6.34999984502792,25.0000005960464,15.6000006198883));
#4055=CARTESIAN_POINT('',(6.34999984502792,32.7500015497208,15.6000006198883));
#4056=CARTESIAN_POINT('',(5.69999986886988,32.7500015497208,14.9500002915209));
#4057=CARTESIAN_POINT('',(6.34999984502792,25.0000005960464,15.6000006198883));
#4058=CARTESIAN_POINT('',(6.34999984502792,25.0000005960464,15.6000006198883));
#4059=CARTESIAN_POINT('',(6.34999984502792,25.0000005960464,15.6000006198883));
#4060=CARTESIAN_POINT('Origin',(4.12699994039535,25.0000005960464,19.0000002831221));
#4061=CARTESIAN_POINT('',(4.12699994039535,30.0500015497208,2.00000071525574));
#4062=CARTESIAN_POINT('',(4.12699994039535,30.0500015497208,16.0000004991889));
#4063=CARTESIAN_POINT('',(4.12699994039535,32.7500015497208,13.906319802588));
#4064=CARTESIAN_POINT('',(4.12699994039535,32.7500015497208,16.0000004991889));
#4065=CARTESIAN_POINT('',(4.12699994039535,25.0000005960464,13.906319802588));
#4066=CARTESIAN_POINT('',(4.12699994039535,25.0000005960464,13.906319802588));
#4067=CARTESIAN_POINT('',(4.12699994039535,25.0000005960464,2.00000047683716));
#4068=CARTESIAN_POINT('',(4.12699994039535,25.0000005960464,15.6000006198883));
#4069=CARTESIAN_POINT('',(4.12699994039535,29.500000551343,2.00000002980232));
#4070=CARTESIAN_POINT('Origin',(-5.9604644553346E-8,7.00000010430813,16.0000002384186));
#4071=CARTESIAN_POINT('',(1.99999994039536,25.0000005960464,16.0000002384186));
#4072=CARTESIAN_POINT('',(0.605948284268379,25.0000005960464,16.0000002384186));
#4073=CARTESIAN_POINT('',(1.99999994039536,7.00000010430813,16.0000002384186));
#4074=CARTESIAN_POINT('',(1.99999994039536,7.00000010430813,16.0000002384186));
#4075=CARTESIAN_POINT('',(1.49999997764826,6.99999988079071,16.0000002384186));
#4076=CARTESIAN_POINT('Origin',(1.99999994039536,16.0000003501773,17.5000002607703));
#4077=CARTESIAN_POINT('',(1.99999994039536,7.00000010430813,23.5000002831221));
#4078=CARTESIAN_POINT('',(1.99999994039536,7.00000010430813,19.0000002831221));
#4079=CARTESIAN_POINT('',(1.99999994039536,25.0000005960464,24.1000002831221));
#4080=CARTESIAN_POINT('',(1.99999994039536,25.0000005960464,17.0579047314823));
#4081=CARTESIAN_POINT('',(1.99999994039536,7.00000010430813,24.1000002831221));
#4082=CARTESIAN_POINT('',(1.99999994039536,7.00000010430813,24.1000002831221));
#4083=CARTESIAN_POINT('',(1.99999994039536,7.00000010430813,23.5000002831221));
#4084=CARTESIAN_POINT('Origin',(3.00000001490116,2.74999988079071,10.5000001564622));
#4085=CARTESIAN_POINT('',(5.00000007450581,2.74999988079071,14.5000002160668));
#4086=CARTESIAN_POINT('',(6.00000008940697,2.74999988079071,15.500000230968));
#4087=CARTESIAN_POINT('',(5.00000007450581,2.74999988079071,14.5000002160668));
#4088=CARTESIAN_POINT('',(6.00000008940697,2.74999988079071,11.1500000298023));
#4089=CARTESIAN_POINT('',(6.00000008940697,2.74999988079071,15.500000230968));
#4090=CARTESIAN_POINT('',(4.,2.74999988079071,11.1500000953674));
#4091=CARTESIAN_POINT('',(-5.9604644553346E-8,2.74999988079071,11.1500000298023));
#4092=CARTESIAN_POINT('',(4.,2.74999988079071,13.8819661914515));
#4093=CARTESIAN_POINT('',(4.,2.74999988079071,19.0000002831221));
#4094=CARTESIAN_POINT('Origin',(4.00000002980232,2.74999988079071,15.0000002235174));
#4095=CARTESIAN_POINT('Origin',(4.,6.99999988079071,11.1500000953674));
#4096=CARTESIAN_POINT('',(4.,6.99999988079071,13.8819661914515));
#4097=CARTESIAN_POINT('',(4.,6.99999988079071,11.1500000953674));
#4098=CARTESIAN_POINT('',(4.,6.99999988079071,19.0000002831221));
#4099=CARTESIAN_POINT('',(4.,6.99999988079071,13.8819661914515));
#4100=CARTESIAN_POINT('',(4.,6.99999988079071,11.1500000953674));
#4101=CARTESIAN_POINT('Origin',(6.00000008940697,6.99999988079071,11.1500000298023));
#4102=CARTESIAN_POINT('',(6.00000008940697,6.99999988079071,11.1500000298023));
#4103=CARTESIAN_POINT('',(-5.9604644553346E-8,6.99999988079071,11.1500000298023));
#4104=CARTESIAN_POINT('',(6.00000008940697,6.99999988079071,11.1500000298023));
#4105=CARTESIAN_POINT('Origin',(5.00000007450581,6.99999988079071,14.5000002160668));
#4106=CARTESIAN_POINT('',(5.00000007450581,6.99999988079071,14.5000002160668));
#4107=CARTESIAN_POINT('',(6.00000008940697,6.99999988079071,15.500000230968));
#4108=CARTESIAN_POINT('',(5.00000007450581,6.99999988079071,14.5000002160668));
#4109=CARTESIAN_POINT('',(6.00000008940697,6.99999988079071,15.500000230968));
#4110=CARTESIAN_POINT('',(5.00000007450581,6.99999988079071,14.5000002160668));
#4111=CARTESIAN_POINT('Origin',(4.00000002980232,6.99999988079071,15.0000002235174));
#4112=CARTESIAN_POINT('Origin',(4.00000002980232,6.99999988079071,15.0000002235174));
#4113=CARTESIAN_POINT('Origin',(26.0000013709068,1.25,14.650000089407));
#4114=CARTESIAN_POINT('',(19.0000013709068,0.,14.650000089407));
#4115=CARTESIAN_POINT('',(19.0000013709068,1.25,14.650000089407));
#4116=CARTESIAN_POINT('',(19.0000013709068,9.12500012665987,14.650000089407));
#4117=CARTESIAN_POINT('',(17.0000013709068,1.25,14.650000089407));
#4118=CARTESIAN_POINT('',(28.0000013709068,1.25,14.650000089407));
#4119=CARTESIAN_POINT('',(17.0000013709068,0.,14.650000089407));
#4120=CARTESIAN_POINT('',(17.0000013709068,1.25,14.650000089407));
#4121=CARTESIAN_POINT('',(28.0000013709068,0.,14.650000089407));
#4122=CARTESIAN_POINT('Origin',(26.0000013709068,1.25,12.650000089407));
#4123=CARTESIAN_POINT('',(19.0000013709068,1.25,12.650000089407));
#4124=CARTESIAN_POINT('',(19.0000013709068,1.25,10.4875000745058));
#4125=CARTESIAN_POINT('',(17.0000013709068,1.25,12.650000089407));
#4126=CARTESIAN_POINT('',(28.0000013709068,1.25,12.650000089407));
#4127=CARTESIAN_POINT('',(17.0000013709068,1.25,12.650000089407));
#4128=CARTESIAN_POINT('Origin',(26.0000013709068,4.,12.650000089407));
#4129=CARTESIAN_POINT('',(19.0000013709068,4.,12.650000089407));
#4130=CARTESIAN_POINT('',(19.0000013709068,10.5000001266599,12.650000089407));
#4131=CARTESIAN_POINT('',(17.0000013709068,4.,12.650000089407));
#4132=CARTESIAN_POINT('',(28.0000013709068,4.,12.650000089407));
#4133=CARTESIAN_POINT('',(17.0000013709068,4.,12.650000089407));
#4134=CARTESIAN_POINT('Origin',(26.0000013709068,4.,6.00000008940697));
#4135=CARTESIAN_POINT('',(19.0000013709068,4.,6.00000008940697));
#4136=CARTESIAN_POINT('',(19.0000013709068,4.,7.16250007450581));
#4137=CARTESIAN_POINT('',(17.0000013709068,4.,6.00000008940697));
#4138=CARTESIAN_POINT('',(26.0000013709068,4.,6.00000008940697));
#4139=CARTESIAN_POINT('',(17.0000013709068,4.,6.00000008940697));
#4140=CARTESIAN_POINT('Origin',(26.0000013709068,30.0000005066395,6.00000008940697));
#4141=CARTESIAN_POINT('',(19.0000013709068,30.0000005066395,6.00000008940697));
#4142=CARTESIAN_POINT('',(19.0000013709068,23.5000003799796,6.00000008940697));
#4143=CARTESIAN_POINT('',(17.0000013709068,30.0000005066395,6.00000008940697));
#4144=CARTESIAN_POINT('',(28.0000013709068,30.0000005066395,6.00000008940697));
#4145=CARTESIAN_POINT('',(17.0000013709068,0.,6.00000008940697));
#4146=CARTESIAN_POINT('Origin',(1.99999994039536,6.99999988079071,2.00000002980232));
#4147=CARTESIAN_POINT('',(1.99999994039536,24.9999998807907,2.00000002980232));
#4148=CARTESIAN_POINT('',(1.99999994039536,6.99999988079071,2.00000002980232));
#4149=CARTESIAN_POINT('',(1.99999994039536,20.5000001937151,2.00000002980232));
#4150=CARTESIAN_POINT('',(1.99999994039536,24.9999998807907,7.00000002980232));
#4151=CARTESIAN_POINT('',(1.99999994039536,25.0000005960464,6.94999970495701));
#4152=CARTESIAN_POINT('',(1.99999994039536,6.99999988079071,7.00000002980232));
#4153=CARTESIAN_POINT('',(1.99999994039536,6.99999988079071,7.00000002980232));
#4154=CARTESIAN_POINT('',(1.99999994039536,6.99999988079071,2.00000025331974));
#4155=CARTESIAN_POINT('Origin',(0.999999940395355,15.9999998807907,7.00000002980232));
#4156=CARTESIAN_POINT('',(0.499999940395355,6.99999988079071,7.00000002980232));
#4157=CARTESIAN_POINT('',(2.56333318352699,25.0000005960464,7.00000002980232));
#4158=CARTESIAN_POINT('Origin',(26.0000013709068,30.0000005066395,12.650000089407));
#4159=CARTESIAN_POINT('',(19.0000013709068,30.0000005066395,12.650000089407));
#4160=CARTESIAN_POINT('',(19.0000013709068,30.0000005066395,10.4875000745058));
#4161=CARTESIAN_POINT('',(17.0000013709068,30.0000005066395,12.650000089407));
#4162=CARTESIAN_POINT('',(28.0000013709068,30.0000005066395,12.650000089407));
#4163=CARTESIAN_POINT('',(17.0000013709068,30.0000005066395,6.00000008940697));
#4164=CARTESIAN_POINT('Origin',(4.30664179108956,25.0000005960464,14.9254794902354));
#4165=CARTESIAN_POINT('',(4.78075587749481,32.7500015497208,14.0056025981903));
#4166=CARTESIAN_POINT('Origin',(4.30664179108956,32.7500015497208,14.9254794902354));
#4167=CARTESIAN_POINT('',(4.78075587749481,25.0000005960464,14.0056025981903));
#4168=CARTESIAN_POINT('',(4.78075587749481,25.0000005960464,14.0056025981903));
#4169=CARTESIAN_POINT('Origin',(4.30664179108956,25.0000005960464,14.9254794902354));
#4170=CARTESIAN_POINT('Origin',(4.96007230227437,25.0000005960464,14.1229919635416));
#4171=CARTESIAN_POINT('',(5.18923998035894,32.7500015497208,14.2730164151357));
#4172=CARTESIAN_POINT('',(4.78075587749481,25.0000005960464,14.0056025981903));
#4173=CARTESIAN_POINT('Origin',(3.17499992251396,25.0000005960464,10.5000003799796));
#4174=CARTESIAN_POINT('',(1.58749993145466,25.0000005960464,2.00000002980232));
#4175=CARTESIAN_POINT('',(6.34999984502792,25.0000005960464,24.1000002831221));
#4176=CARTESIAN_POINT('',(6.34999984502792,25.0000005960464,15.6000006198883));
#4177=CARTESIAN_POINT('',(1.99999994039536,25.0000005960464,24.1000002831221));
#4178=CARTESIAN_POINT('Origin',(9.50000014156103,-17.5,17.5));
#4179=CARTESIAN_POINT('',(19.0000002831221,-26.0000003874302,17.5));
#4180=CARTESIAN_POINT('',(19.0000002625845,-31.6,17.5));
#4181=CARTESIAN_POINT('',(19.0000002831221,-31.6,17.5));
#4182=CARTESIAN_POINT('',(4.19999990388751,-26.0000001341105,17.4999996088445));
#4183=CARTESIAN_POINT('',(14.2500002123415,-26.0000003874302,17.5));
#4184=CARTESIAN_POINT('',(4.19999990388751,-31.6000001341104,17.4999996088445));
#4185=CARTESIAN_POINT('',(4.19999990388751,-21.7500000670552,17.5));
#4186=CARTESIAN_POINT('',(9.99999994039536,-31.6000005215406,17.5));
#4187=CARTESIAN_POINT('',(25.1250005178153,-31.6000005215406,17.5));
#4188=CARTESIAN_POINT('',(9.99999995682543,-39.6000005215406,17.5));
#4189=CARTESIAN_POINT('',(9.99999994039536,-35.6000002607703,17.5));
#4190=CARTESIAN_POINT('',(19.0000002790145,-39.6,17.5));
#4191=CARTESIAN_POINT('',(40.2500010551642,-39.6000005215406,17.5));
#4192=CARTESIAN_POINT('',(19.0000002625845,-31.6,17.5));
#4193=CARTESIAN_POINT('',(8.29999979158512,-29.0000002980232,17.5));
#4194=CARTESIAN_POINT('Origin',(6.79999979158512,-29.0000002980232,17.5));
#4195=CARTESIAN_POINT('Origin',(19.0000002831221,-26.0000003874302,4.00000005960464));
#4196=CARTESIAN_POINT('',(19.0000002831221,-26.0000003874302,4.00000005960464));
#4197=CARTESIAN_POINT('',(19.0000002831221,-26.0000003874302,4.00000005960464));
#4198=CARTESIAN_POINT('',(34.0000005066395,-26.0000003874302,4.00000005960464));
#4199=CARTESIAN_POINT('',(4.19999990388751,-26.0000001341105,17.6999996043742));
#4200=CARTESIAN_POINT('',(4.29999990388751,-26.0000001341105,17.6999996043742));
#4201=CARTESIAN_POINT('',(4.19999990388751,-26.0000003874302,10.7499998342246));
#4202=CARTESIAN_POINT('Origin',(0.,-9.00000013411045,17.6999996043742));
#4203=CARTESIAN_POINT('',(4.19999990388751,-9.00000013411045,17.6999996043742));
#4204=CARTESIAN_POINT('',(4.19999990388751,-5.50000006705523,17.6999996043742));
#4205=CARTESIAN_POINT('',(0.,-9.00000013411045,17.6999996043742));
#4206=CARTESIAN_POINT('Origin',(0.,-9.00000013411045,4.00000005960464));
#4207=CARTESIAN_POINT('',(4.19999990388751,-9.,17.4999996088445));
#4208=CARTESIAN_POINT('',(19.0000002831221,-9.00000013411045,17.5));
#4209=CARTESIAN_POINT('',(4.75000007078052,-9.00000013411045,17.5));
#4210=CARTESIAN_POINT('',(4.19999990388751,-9.00000013411045,10.7499998342246));
#4211=CARTESIAN_POINT('',(19.0000002831221,-9.00000013411045,4.00000005960464));
#4212=CARTESIAN_POINT('',(24.5000003650784,-9.00000013411045,4.00000005960464));
#4213=CARTESIAN_POINT('',(19.0000002831221,-9.00000013411045,4.00000005960464));
#4214=CARTESIAN_POINT('Origin',(49.0000007301569,-2.,4.00000005960464));
#4215=CARTESIAN_POINT('',(19.0000002831221,-10.9999996125698,4.00000005960464));
#4216=CARTESIAN_POINT('Origin',(6.79999979158512,-29.0000002980232,11.5));
#4217=CARTESIAN_POINT('',(8.29999979158512,-29.0000002980232,11.5));
#4218=CARTESIAN_POINT('Origin',(6.79999979158512,-29.0000002980232,11.5));
#4219=CARTESIAN_POINT('Origin',(6.79999979158512,-29.0000002980232,17.5));
#4220=CARTESIAN_POINT('',(8.29999979158512,-29.0000002980232,17.5));
#4221=CARTESIAN_POINT('Origin',(6.8,-6.00000029802323,11.5));
#4222=CARTESIAN_POINT('',(8.3,-6.00000029802323,11.5));
#4223=CARTESIAN_POINT('Origin',(6.8,-6.00000029802323,11.5));
#4224=CARTESIAN_POINT('Origin',(6.8,-6.00000029802323,17.5));
#4225=CARTESIAN_POINT('',(8.3,-6.00000029802323,17.5));
#4226=CARTESIAN_POINT('Origin',(6.8,-6.00000029802323,17.5));
#4227=CARTESIAN_POINT('',(8.3,-6.00000029802323,17.5));
#4228=CARTESIAN_POINT('Origin',(9.50000014156103,-17.5,17.5));
#4229=CARTESIAN_POINT('',(19.0000002831221,-3.4,17.5));
#4230=CARTESIAN_POINT('',(4.19999990388751,-3.4,17.4999996088445));
#4231=CARTESIAN_POINT('',(17.0000002384186,-3.4,17.5));
#4232=CARTESIAN_POINT('',(4.19999990388751,-9.75,17.5));
#4233=CARTESIAN_POINT('',(19.0000002831221,-13.2500000670552,17.5));
#4234=CARTESIAN_POINT('Origin',(41.500001847744,28.0000001192093,2.00000047683716));
#4235=CARTESIAN_POINT('',(41.500001847744,34.3750003129244,2.00000002980232));
#4236=CARTESIAN_POINT('',(41.500001847744,32.7500001192093,19.0000002831221));
#4237=CARTESIAN_POINT('',(41.500001847744,32.7500015497208,16.0000004991889));
#4238=CARTESIAN_POINT('',(41.500001847744,32.0750001192093,19.0000002831221));
#4239=CARTESIAN_POINT('Origin',(17.0000013709068,17.0000002533197,8.32500005960464));
#4240=CARTESIAN_POINT('',(17.0000002533197,32.7500001192093,12.650000089407));
#4241=CARTESIAN_POINT('',(17.0000013709068,30.0000005066395,12.650000089407));
#4242=CARTESIAN_POINT('',(17.0000002533197,32.7500001192093,14.650000089407));
#4243=CARTESIAN_POINT('',(17.0000002533197,32.7500001192093,12.650000089407));
#4244=CARTESIAN_POINT('',(17.0000002533197,34.0000005066395,14.650000089407));
#4245=CARTESIAN_POINT('',(17.0000002533197,33.0625002160668,14.650000089407));
#4246=CARTESIAN_POINT('',(17.0000002533197,34.0000005066395,2.00000028312206));
#4247=CARTESIAN_POINT('',(17.0000002533197,34.0000005066395,19.0000002831221));
#4248=CARTESIAN_POINT('',(17.0000013709068,0.,2.00000002980232));
#4249=CARTESIAN_POINT('',(17.0000013709068,34.0000005066395,2.00000002980232));
#4250=CARTESIAN_POINT('',(17.0000013709068,0.,2.00000002980232));
#4251=CARTESIAN_POINT('Origin',(-5.9604644553346E-8,34.0000005066395,2.00000002980232));
#4252=CARTESIAN_POINT('',(6.34999984502792,30.0500015497208,2.00000071525574));
#4253=CARTESIAN_POINT('',(3.17499989271164,30.0500015497208,2.00000002980232));
#4254=CARTESIAN_POINT('',(6.00000008940697,6.99999988079071,2.00000002980232));
#4255=CARTESIAN_POINT('',(1.49999997764826,6.99999988079071,2.00000002980232));
#4256=CARTESIAN_POINT('',(6.00000008940697,-1.19209290216915E-7,2.00000002980232));
#4257=CARTESIAN_POINT('',(6.00000008940697,20.5000001937151,2.00000002980232));
#4258=CARTESIAN_POINT('',(24.5000003352761,0.,2.00000002980232));
#4259=CARTESIAN_POINT('',(6.34999984502792,34.0000005066395,2.00000028312206));
#4260=CARTESIAN_POINT('',(2.00000002980232,34.0000005066395,2.00000028312206));
#4261=CARTESIAN_POINT('',(6.34999984502792,33.3750010281801,2.00000002980232));
#4262=CARTESIAN_POINT('Origin',(45.5000006705523,29.4000001192093,19.0000002831221));
#4263=CARTESIAN_POINT('',(0.,32.7500001192093,19.0000002831221));
#4264=CARTESIAN_POINT('Origin',(6.34999984502792,32.7500015497208,13.0000007152557));
#4265=CARTESIAN_POINT('',(6.34999984502792,32.7500015497208,16.0000004991889));
#4266=CARTESIAN_POINT('Origin',(6.34999984502792,32.7500015497208,13.0000007152557));
#4267=CARTESIAN_POINT('Origin',(6.34999984502792,34.0000005066395,19.0000002831221));
#4268=CARTESIAN_POINT('',(6.34999984502792,34.0000005066395,24.1000002831221));
#4269=CARTESIAN_POINT('',(6.34999984502792,34.0000005066395,19.0000002831221));
#4270=CARTESIAN_POINT('',(19.000001847744,34.0000005066395,14.650000089407));
#4271=CARTESIAN_POINT('',(12.1750004477799,34.0000005066395,14.650000089407));
#4272=CARTESIAN_POINT('',(19.000001847744,34.0000005066395,23.5000002831221));
#4273=CARTESIAN_POINT('',(19.0000013709068,34.0000005066395,13.6625001713634));
#4274=CARTESIAN_POINT('',(19.000001847744,34.0000005066395,24.1000002831221));
#4275=CARTESIAN_POINT('',(19.000001847744,34.0000005066395,23.5000002831221));
#4276=CARTESIAN_POINT('',(6.34999984502792,34.0000005066395,24.1000002831221));
#4277=CARTESIAN_POINT('Origin',(26.0000013709068,32.7500005066395,12.650000089407));
#4278=CARTESIAN_POINT('',(19.000001847744,32.7500001192093,12.650000089407));
#4279=CARTESIAN_POINT('',(21.5000008121133,32.7500001192093,12.650000089407));
#4280=CARTESIAN_POINT('',(19.0000013709068,25.1875002831221,12.650000089407));
#4281=CARTESIAN_POINT('Origin',(18.0000010505319,33.3750003129244,14.650000089407));
#4282=CARTESIAN_POINT('',(19.000001847744,32.7500001192093,14.650000089407));
#4283=CARTESIAN_POINT('',(18.5000014491379,32.7500001192093,14.650000089407));
#4284=CARTESIAN_POINT('',(19.000001847744,33.6875004097819,14.650000089407));
#4285=CARTESIAN_POINT('Origin',(17.0000002533197,32.7500001192093,12.650000089407));
#4286=CARTESIAN_POINT('',(19.000001847744,32.7500001192093,12.650000089407));
#4287=CARTESIAN_POINT('Origin',(6.34999984502792,25.0000005960464,19.0000002831221));
#4288=CARTESIAN_POINT('',(6.34999984502792,30.0500015497208,13.0000007152557));
#4289=CARTESIAN_POINT('',(6.34999984502792,25.0000005960464,24.1000002831221));
#4290=CARTESIAN_POINT('Origin',(6.34999984502792,30.0500015497208,13.0000007152557));
#4291=CARTESIAN_POINT('Origin',(9.99999994039534,-8.59999999999999,0.));
#4292=CARTESIAN_POINT('',(71.500001847744,77.4000005960465,2.83122061350838E-7));
#4293=CARTESIAN_POINT('',(71.500001847744,77.4000005960465,2.83122061350838E-7));
#4294=CARTESIAN_POINT('',(71.500001847744,-41.6000005215407,2.83122061350838E-7));
#4295=CARTESIAN_POINT('',(71.500001847744,-41.6000005215407,2.83122061350838E-7));
#4296=CARTESIAN_POINT('',(-5.96046406675657E-8,-41.6000005215407,2.83122061350838E-7));
#4297=CARTESIAN_POINT('Origin',(71.500001847744,-41.6000005215407,19.0000002831221));
#4298=CARTESIAN_POINT('',(71.500001847744,-41.6000005215407,24.1000002831221));
#4299=CARTESIAN_POINT('',(71.500001847744,-41.6000005215407,23.5000002831221));
#4300=CARTESIAN_POINT('',(-5.96046406675657E-8,-41.6000005215407,24.1000002831221));
#4301=CARTESIAN_POINT('Origin',(19.0000013709068,-31.6,2.00000002980232));
#4302=CARTESIAN_POINT('',(19.0000002625845,-31.6,2.00000002980232));
#4303=CARTESIAN_POINT('',(19.0000013709068,-31.6,13.6625001713634));
#4304=CARTESIAN_POINT('',(19.0000002790145,-39.6,2.00000002980232));
#4305=CARTESIAN_POINT('',(19.0000013873369,-39.6000005215406,10.5000001564622));
#4306=CARTESIAN_POINT('',(19.0000013035435,1.20000026256166,2.00000002980232));
#4307=CARTESIAN_POINT('Origin',(71.500001847744,67.4000005066395,19.0000002831221));
#4308=CARTESIAN_POINT('',(61.500001847744,67.4000005066395,24.1000002831221));
#4309=CARTESIAN_POINT('',(61.500001847744,67.4000005066395,9.55000002980232));
#4310=CARTESIAN_POINT('',(61.500001847744,67.4000005066395,19.0000002831221));
#4311=CARTESIAN_POINT('',(69.500001847744,67.4000005066395,9.55000002980232));
#4312=CARTESIAN_POINT('',(60.7986824780321,67.4000005066395,9.55000002980232));
#4313=CARTESIAN_POINT('',(69.500001847744,67.4000005066395,24.1000002831221));
#4314=CARTESIAN_POINT('',(69.500001847744,67.4000005066395,19.0000002831221));
#4315=CARTESIAN_POINT('',(61.500001847744,67.4000005066395,24.1000002831221));
#4316=CARTESIAN_POINT('Origin',(10.,75.4000005960465,19.0000002831221));
#4317=CARTESIAN_POINT('',(61.500001847744,75.4000005960465,2.00000028312206));
#4318=CARTESIAN_POINT('',(71.500001847744,75.4000005960465,2.00000028312206));
#4319=CARTESIAN_POINT('',(61.500001847744,75.4000005960465,24.1000002831221));
#4320=CARTESIAN_POINT('',(61.500001847744,75.4000005960465,19.0000002831221));
#4321=CARTESIAN_POINT('',(10.,75.4000005960465,24.1000002831221));
#4322=CARTESIAN_POINT('Origin',(61.500001847744,75.4000005960465,19.0000002831221));
#4323=CARTESIAN_POINT('',(61.500001847744,67.4000005066395,2.00000028312206));
#4324=CARTESIAN_POINT('',(61.500001847744,77.4000005960465,2.00000028312206));
#4325=CARTESIAN_POINT('',(61.500001847744,67.4000005066395,19.0000002831221));
#4326=CARTESIAN_POINT('',(61.500001847744,75.4000005960465,24.1000002831221));
#4327=CARTESIAN_POINT('Origin',(61.500001847744,67.4000005066395,19.0000002831221));
#4328=CARTESIAN_POINT('',(60.7986824780321,67.4000005066395,9.55000002980232));
#4329=CARTESIAN_POINT('',(19.000001847744,67.4000005066395,2.00000028312206));
#4330=CARTESIAN_POINT('Origin',(50.0973631083202,38.6700001192093,9.55000002980232));
#4331=CARTESIAN_POINT('',(69.500001847744,52.5750003129244,9.55000002980232));
#4332=CARTESIAN_POINT('Origin',(50.0973631083202,63.8300005066395,9.55000002980232));
#4333=CARTESIAN_POINT('',(69.500001847744,65.1550005066395,9.55000002980232));
#4334=CARTESIAN_POINT('Origin',(69.500001847744,51.2500003129244,12.0000001788139));
#4335=CARTESIAN_POINT('',(69.500001847744,54.6000003129244,12.0000001788139));
#4336=CARTESIAN_POINT('Origin',(69.500001847744,51.2500003129244,12.0000001788139));
#4337=CARTESIAN_POINT('',(71.500001847744,54.6000003129244,12.0000001788139));
#4338=CARTESIAN_POINT('',(69.500001847744,54.6000003129244,12.0000001788139));
#4339=CARTESIAN_POINT('Origin',(71.500001847744,51.2500003129244,12.0000001788139));
#4340=CARTESIAN_POINT('Origin',(9.99999994039534,34.0000005066395,3.55000002980232));
#4341=CARTESIAN_POINT('Origin',(9.99999994039534,34.0000005066395,3.55000002980232));
#4342=CARTESIAN_POINT('Origin',(9.99999994039534,34.0000005066395,3.55000002980232));
#4343=CARTESIAN_POINT('Origin',(9.99999994039534,34.0000005066395,3.55000002980232));
#4344=CARTESIAN_POINT('Origin',(59.5000008866191,-3.50000005215406,17.4999999697625));
#4345=CARTESIAN_POINT('',(59.4999990612274,-14.,18.899999186396));
#4346=CARTESIAN_POINT('',(59.4999990612274,-3.50000000000001,18.899999186396));
#4347=CARTESIAN_POINT('',(59.5000008866191,-3.50000002607703,18.8999973610043));
#4348=CARTESIAN_POINT('',(59.5000008866191,-3.50000005215406,17.4999999697625));
#4349=CARTESIAN_POINT('',(59.5000008866191,-14.,17.4999999697625));
#4350=CARTESIAN_POINT('Origin',(61.900001854318,-3.50000000000001,19.4999999697625));
#4351=CARTESIAN_POINT('',(61.8999986164272,-14.,20.9071063296814));
#4352=CARTESIAN_POINT('',(61.900001854318,-14.,19.4999999697625));
#4353=CARTESIAN_POINT('',(61.9000012174234,-14.,19.7767784159476));
#4354=CARTESIAN_POINT('',(61.900001854318,-3.50000005215406,19.4999999697625));
#4355=CARTESIAN_POINT('',(61.900001854318,-3.50000005215406,19.4999999697625));
#4356=CARTESIAN_POINT('',(61.8999986164272,-3.50000000000001,20.9071063296814));
#4357=CARTESIAN_POINT('',(61.8999986164272,-3.50000000000001,20.9071063296814));
#4358=CARTESIAN_POINT('',(61.8999986164272,-3.50000000000001,20.9071063296814));
#4359=CARTESIAN_POINT('Origin',(61.8999986164272,-3.50000000000001,20.9071063296814));
#4360=CARTESIAN_POINT('',(60.2071054512579,-14.,20.9071063296814));
#4361=CARTESIAN_POINT('',(61.0499994448989,-14.,20.9071063296814));
#4362=CARTESIAN_POINT('',(60.2071054512579,-3.50000000000001,20.9071063296814));
#4363=CARTESIAN_POINT('',(60.2071054512579,-3.50000000000001,20.9071063296814));
#4364=CARTESIAN_POINT('',(60.2071054512579,-3.50000000000001,20.9071063296814));
#4365=CARTESIAN_POINT('Origin',(60.2071054512579,-3.50000000000001,20.9071063296814));
#4366=CARTESIAN_POINT('',(58.8499986846,-3.50000000000001,19.5499995630234));
#4367=CARTESIAN_POINT('',(58.8499986846,-14.,19.5499995630234));
#4368=CARTESIAN_POINT('',(58.8499986846,-3.50000000000001,19.5499995630234));
#4369=CARTESIAN_POINT('',(59.9919408119317,-14.,20.6919416903552));
#4370=CARTESIAN_POINT('',(58.4999986924231,-3.50000000000001,19.1999995708466));
#4371=CARTESIAN_POINT('Origin',(59.400001854318,-14.,17.4999999697625));
#4372=CARTESIAN_POINT('',(59.6749993714332,-14.,18.7249988761903));
#4373=CARTESIAN_POINT('',(65.900001854318,-14.,2.00000003874302));
#4374=CARTESIAN_POINT('',(36.9500008973567,-14.,2.00000002980232));
#4375=CARTESIAN_POINT('',(61.900001854318,-14.,6.00000003874302));
#4376=CARTESIAN_POINT('Origin',(65.900001854318,-14.,6.00000003874302));
#4377=CARTESIAN_POINT('',(61.900001854318,-14.,17.4999999697625));
#4378=CARTESIAN_POINT('Origin',(9.99999994039534,34.0000005066395,2.00000002980232));
#4379=CARTESIAN_POINT('',(61.500001847744,-39.6000005215406,2.00000028312206));
#4380=CARTESIAN_POINT('',(71.500001847744,-39.6000005215406,2.00000028312206));
#4381=CARTESIAN_POINT('',(61.500001847744,-31.6000005215407,2.00000028312206));
#4382=CARTESIAN_POINT('',(61.500001847744,-41.6000005215407,2.00000028312206));
#4383=CARTESIAN_POINT('',(69.500001847744,-31.5999998962852,2.00000002980232));
#4384=CARTESIAN_POINT('',(22.8750005302919,-31.5999999920417,2.00000002980232));
#4385=CARTESIAN_POINT('',(69.500001847744,-31.6,2.00000002980232));
#4386=CARTESIAN_POINT('',(69.500001847744,-31.6,2.00000002980232));
#4387=CARTESIAN_POINT('',(19.0000002831221,-31.6,2.00000002980232));
#4388=CARTESIAN_POINT('',(65.900001854318,-3.50000000000001,2.00000003874302));
#4389=CARTESIAN_POINT('',(36.9500008973567,-3.50000000000001,2.00000002980232));
#4390=CARTESIAN_POINT('',(65.900001854318,-3.50000000000001,2.00000002980232));
#4391=CARTESIAN_POINT('Origin',(61.9000017947134,-3.50000000000001,17.4999999697625));
#4392=CARTESIAN_POINT('',(61.900001854318,-3.50000000000001,6.00000003874302));
#4393=CARTESIAN_POINT('',(61.9000017947134,-3.50000000000001,6.00000003874302));
#4394=CARTESIAN_POINT('',(61.9000017947134,-3.50000000000001,6.00000008940697));
#4395=CARTESIAN_POINT('Origin',(65.900001854318,-3.50000000000001,6.00000003874302));
#4396=CARTESIAN_POINT('Origin',(65.900001854318,-3.50000000000001,6.00000003874302));
#4397=CARTESIAN_POINT('Origin',(71.500001847744,-9.10000000745057,9.50000014156103));
#4398=CARTESIAN_POINT('',(71.500001847744,77.4000005960465,24.1000002831221));
#4399=CARTESIAN_POINT('',(71.500001847744,77.4000005960465,23.5000002831221));
#4400=CARTESIAN_POINT('',(71.500001847744,-41.6000005215407,24.1000002831221));
#4401=CARTESIAN_POINT('Origin',(-5.96046412226769E-8,77.4000005960465,19.0000002831221));
#4402=CARTESIAN_POINT('',(71.500001847744,77.4000005960465,24.1000002831221));
#4403=CARTESIAN_POINT('Origin',(69.500001847744,66.4800005066395,19.0000002831221));
#4404=CARTESIAN_POINT('',(69.500001847744,-31.5999998962852,23.5000002831221));
#4405=CARTESIAN_POINT('',(69.500001847744,-31.5999998962852,14.2500002123415));
#4406=CARTESIAN_POINT('',(69.500001847744,-31.5999998962852,24.1000002831221));
#4407=CARTESIAN_POINT('',(69.500001847744,-31.5999998962852,23.5000002831221));
#4408=CARTESIAN_POINT('',(69.500001847744,67.4000005066395,24.1000002831221));
#4409=CARTESIAN_POINT('Origin',(40.7500008940697,-31.6,9.50000014156103));
#4410=CARTESIAN_POINT('',(61.500001847744,-31.6000005215407,23.5000002831221));
#4411=CARTESIAN_POINT('',(48.1250007823109,-31.6,23.5000002831221));
#4412=CARTESIAN_POINT('',(61.500001847744,-31.6000005215407,19.0000002831221));
#4413=CARTESIAN_POINT('Origin',(61.500001847744,-31.6000005215407,19.0000002831221));
#4414=CARTESIAN_POINT('',(61.500001847744,-39.6000005215406,24.1000002831221));
#4415=CARTESIAN_POINT('',(61.500001847744,-39.6000005215406,19.0000002831221));
#4416=CARTESIAN_POINT('',(61.500001847744,-31.6000005215407,24.1000002831221));
#4417=CARTESIAN_POINT('',(61.500001847744,-31.6000005215407,24.1000002831221));
#4418=CARTESIAN_POINT('',(61.500001847744,-31.6000005215407,23.5000002831221));
#4419=CARTESIAN_POINT('Origin',(61.500001847744,-39.6000005215406,19.0000002831221));
#4420=CARTESIAN_POINT('',(9.99999994039536,-39.6000005215406,24.1000002831221));
#4421=CARTESIAN_POINT('',(9.99999994039536,-39.6000005215406,19.0000002831221));
#4422=CARTESIAN_POINT('',(61.500001847744,-39.6000005215406,24.1000002831221));
#4423=CARTESIAN_POINT('Origin',(9.99999994039536,-39.6000005215406,19.0000002831221));
#4424=CARTESIAN_POINT('',(9.99999994039536,-31.6000005215407,23.5000002831221));
#4425=CARTESIAN_POINT('',(9.99999994039536,-31.6000005215407,14.2500002123415));
#4426=CARTESIAN_POINT('',(9.99999994039536,-31.6000005215407,24.1000002831221));
#4427=CARTESIAN_POINT('',(9.99999994039536,-31.6000005215407,23.5000002831221));
#4428=CARTESIAN_POINT('',(9.99999994039536,-39.6000005215406,24.1000002831221));
#4429=CARTESIAN_POINT('Origin',(40.7500008940697,-31.6000005215407,9.50000014156103));
#4430=CARTESIAN_POINT('',(4.19999990388751,-31.6000001341104,23.5000000298023));
#4431=CARTESIAN_POINT('',(48.1250007823109,-31.6000005215407,23.5000002831221));
#4432=CARTESIAN_POINT('',(4.19999990388751,-31.6000005215406,13.4999998752028));
#4433=CARTESIAN_POINT('Origin',(4.19999990388751,-2.,17.4999996088445));
#4434=CARTESIAN_POINT('',(4.19999990388751,-3.4,24.1000002831221));
#4435=CARTESIAN_POINT('',(4.19999990388751,-3.4,23.5000002831221));
#4436=CARTESIAN_POINT('',(4.19999990388751,-31.6000001341104,24.1000002831221));
#4437=CARTESIAN_POINT('',(4.19999990388751,-31.6000001341104,24.1000002831221));
#4438=CARTESIAN_POINT('',(4.19999990388751,-31.6000001341104,23.5000002831221));
#4439=CARTESIAN_POINT('Origin',(19.0000013709068,17.0000002533197,8.32500005960464));
#4440=CARTESIAN_POINT('',(19.0000002831221,-3.4,24.1000002831221));
#4441=CARTESIAN_POINT('',(19.0000002831221,-3.4,23.5000002831221));
#4442=CARTESIAN_POINT('',(19.0000013709068,18.2000001862645,23.5000002831221));
#4443=CARTESIAN_POINT('',(19.0000002831221,0.,23.5000002831221));
#4444=CARTESIAN_POINT('',(19.0000002831221,0.,10.5000001564622));
#4445=CARTESIAN_POINT('',(19.0000002831221,0.,24.1000002831221));
#4446=CARTESIAN_POINT('',(19.0000002831221,0.,23.5000002831221));
#4447=CARTESIAN_POINT('',(19.0000002831221,-3.4,24.1000002831221));
#4448=CARTESIAN_POINT('Origin',(24.5000003352761,-3.4,1.00000001490116));
#4449=CARTESIAN_POINT('',(4.19999990388751,-3.4,24.1000002831221));
#4450=CARTESIAN_POINT('Origin',(49.0000007301569,0.,2.00000002980232));
#4451=CARTESIAN_POINT('',(6.00000008940697,-1.19209291327138E-7,23.5000002831221));
#4452=CARTESIAN_POINT('',(52.2500007003546,0.,23.5000002831221));
#4453=CARTESIAN_POINT('',(6.00000008940697,-1.19209290216915E-7,15.500000230968));
#4454=CARTESIAN_POINT('Origin',(6.00000008940697,6.99999988079071,15.500000230968));
#4455=CARTESIAN_POINT('',(6.00000008940697,6.99999988079071,11.1500000298023));
#4456=CARTESIAN_POINT('',(6.00000008940697,6.99999988079071,23.5000002831221));
#4457=CARTESIAN_POINT('',(6.00000008940697,6.99999988079071,15.500000230968));
#4458=CARTESIAN_POINT('',(6.00000008940697,6.99999988079071,24.1000002831221));
#4459=CARTESIAN_POINT('',(6.00000008940697,6.99999988079071,23.5000002831221));
#4460=CARTESIAN_POINT('',(6.00000008940697,-1.19209291327138E-7,24.1000002831221));
#4461=CARTESIAN_POINT('',(6.00000008940697,-1.19209291327138E-7,24.1000002831221));
#4462=CARTESIAN_POINT('',(6.00000008940697,-1.19209291327138E-7,23.5000002831221));
#4463=CARTESIAN_POINT('Origin',(3.00000001490116,6.99999988079071,10.5000001564622));
#4464=CARTESIAN_POINT('',(29.2500003427267,6.99999988079071,23.5000002831221));
#4465=CARTESIAN_POINT('Origin',(57.400001854318,-3.50000000000001,17.4999999697625));
#4466=CARTESIAN_POINT('',(59.1749993714332,-3.50000000000001,19.2249988761903));
#4467=CARTESIAN_POINT('Origin',(59.1999986767769,-3.50000000000001,19.1999995708466));
#4468=CARTESIAN_POINT('Origin',(69.500001847744,-31.5999998962852,23.5000002831221));
#4469=CARTESIAN_POINT('',(69.500001847744,-31.5999998962852,24.1000002831221));
#4470=CARTESIAN_POINT('Origin',(9.99999994039536,-31.6000005215407,23.5000002831221));
#4471=CARTESIAN_POINT('',(9.99999994039536,-31.6000005215407,24.1000002831221));
#4472=CARTESIAN_POINT('Origin',(19.0000002831221,0.,23.5000002831221));
#4473=CARTESIAN_POINT('',(19.0000002831221,0.,24.1000002831221));
#4474=CARTESIAN_POINT('Origin',(6.00000008940697,6.99999988079071,23.5000002831221));
#4475=CARTESIAN_POINT('',(6.00000008940697,6.99999988079071,24.1000002831221));
#4476=CARTESIAN_POINT('Origin',(19.000001847744,34.0000005066395,23.5000002831221));
#4477=CARTESIAN_POINT('',(19.000001847744,34.0000005066395,24.1000002831221));
#4478=CARTESIAN_POINT('Origin',(35.7500008940697,17.9000000372529,24.1000002831221));
#4479=UNCERTAINTY_MEASURE_WITH_UNIT(LENGTH_MEASURE(0.01),#4483,
'DISTANCE_ACCURACY_VALUE',
'Maximum model space distance between geometric entities at asserted c
onnectivities');
#4480=UNCERTAINTY_MEASURE_WITH_UNIT(LENGTH_MEASURE(0.01),#4483,
'DISTANCE_ACCURACY_VALUE',
'Maximum model space distance between geometric entities at asserted c
onnectivities');
#4481=(
GEOMETRIC_REPRESENTATION_CONTEXT(3)
GLOBAL_UNCERTAINTY_ASSIGNED_CONTEXT((#4479))
GLOBAL_UNIT_ASSIGNED_CONTEXT((#4483,#4485,#4486))
REPRESENTATION_CONTEXT('','3D')
);
#4482=(
GEOMETRIC_REPRESENTATION_CONTEXT(3)
GLOBAL_UNCERTAINTY_ASSIGNED_CONTEXT((#4480))
GLOBAL_UNIT_ASSIGNED_CONTEXT((#4483,#4485,#4486))
REPRESENTATION_CONTEXT('','3D')
);
#4483=(
LENGTH_UNIT()
NAMED_UNIT(*)
SI_UNIT(.MILLI.,.METRE.)
);
#4484=(
LENGTH_UNIT()
NAMED_UNIT(*)
SI_UNIT($,.METRE.)
);
#4485=(
NAMED_UNIT(*)
PLANE_ANGLE_UNIT()
SI_UNIT($,.RADIAN.)
);
#4486=(
NAMED_UNIT(*)
SI_UNIT($,.STERADIAN.)
SOLID_ANGLE_UNIT()
);
#4487=SHAPE_DEFINITION_REPRESENTATION(#4488,#4489);
#4488=PRODUCT_DEFINITION_SHAPE('',$,#4491);
#4489=SHAPE_REPRESENTATION('',(#2789),#4481);
#4490=PRODUCT_DEFINITION_CONTEXT('part definition',#4495,'design');
#4491=PRODUCT_DEFINITION('ESP32 GPS NTP','ESP32 GPS NTP v16',#4492,#4490);
#4492=PRODUCT_DEFINITION_FORMATION('',$,#4497);
#4493=PRODUCT_RELATED_PRODUCT_CATEGORY('ESP32 GPS NTP v16',
'ESP32 GPS NTP v16',(#4497));
#4494=APPLICATION_PROTOCOL_DEFINITION('international standard',
'automotive_design',2009,#4495);
#4495=APPLICATION_CONTEXT(
'Core Data for Automotive Mechanical Design Process');
#4496=PRODUCT_CONTEXT('part definition',#4495,'mechanical');
#4497=PRODUCT('ESP32 GPS NTP','ESP32 GPS NTP v16',$,(#4496));
#4498=PRESENTATION_STYLE_ASSIGNMENT((#4499));
#4499=SURFACE_STYLE_USAGE(.BOTH.,#4500);
#4500=SURFACE_SIDE_STYLE('',(#4501));
#4501=SURFACE_STYLE_FILL_AREA(#4502);
#4502=FILL_AREA_STYLE('Steel - Satin',(#4503));
#4503=FILL_AREA_STYLE_COLOUR('Steel - Satin',#4504);
#4504=COLOUR_RGB('Steel - Satin',0.627450980392157,0.627450980392157,0.627450980392157);
ENDSEC;
END-ISO-10303-21;
